pickup_date,trip_count,gross_booking_value_usd,fare_revenue_usd,tips_usd,total_trip_distance_miles,total_trip_duration_min,avg_total_amount_usd,avg_fare_amount_usd,avg_trip_distance_miles,avg_trip_duration_min,tip_share_pct
2025-01-01,80098,2280661.09,1610984.93,254567.72,317548.48,1204434.23,28.47,20.11,3.96,15.04,15.8
2025-01-02,79662,2346620.64,1612282.35,274975.29,299015.35,1299493.6,29.46,20.24,3.75,16.31,17.06
2025-01-03,86099,2409093.68,1637560.73,288839.82,295552.12,1344026.15,27.98,19.02,3.43,15.61,17.64
2025-01-04,92698,2472683.85,1715877.9,304356.73,304870.09,1358294.47,26.67,18.51,3.29,14.65,17.74
2025-01-05,75090,2198418.87,1500430.19,268984.93,292484.74,1066298.02,29.28,19.98,3.9,14.2,17.93
2025-01-06,75836,2180364.38,1447381.34,266176.36,270178.17,1130831.08,28.75,19.09,3.56,14.91,18.39
2025-01-07,94641,2546722.08,1666274.83,311113.21,292657.44,1360954.52,26.91,17.61,3.09,14.38,18.67
2025-01-08,106001,2788604.13,1822663.89,335497.87,311381.57,1533137.03,26.31,17.19,2.94,14.46,18.41
2025-01-09,110761,2971725.3,1950278.7,360435.03,336146.33,1657202.5,26.83,17.61,3.03,14.96,18.48
2025-01-10,103748,2819321.66,1856460.46,337308.18,329053.79,1544864.33,27.17,17.89,3.17,14.89,18.17
2025-01-11,114580,2873271.44,1932447.83,333021.25,344224.06,1545597.9,25.08,16.87,3.0,13.49,17.23
2025-01-12,95650,2594873.39,1764741.34,298919.12,341136.61,1299333.2,27.13,18.45,3.57,13.58,16.94
2025-01-13,93486,2569623.16,1689465.05,311918.39,307091.74,1373462.88,27.49,18.07,3.28,14.69,18.46
2025-01-14,112611,2992115.2,1957993.16,360172.85,335445.72,1655457.1,26.57,17.39,2.98,14.7,18.4
2025-01-15,116776,3114450.57,2047591.95,370642.38,349343.05,1752039.87,26.67,17.53,2.99,15.0,18.1
2025-01-16,127489,3455480.09,2287196.73,404691.94,388235.54,1952244.5,27.1,17.94,3.05,15.31,17.69
2025-01-17,110369,3016630.81,2003856.98,350096.75,350329.79,1717981.42,27.33,18.16,3.17,15.57,17.47
2025-01-18,111521,2755970.01,1873170.71,302524.74,334204.79,1557299.4,24.71,16.8,3.0,13.96,16.15
2025-01-19,108249,2665466.55,1857281.02,255624.23,340339.14,1384965.15,24.62,17.16,3.14,12.79,13.76
2025-01-20,83113,2387783.85,1652393.62,263267.44,335513.14,1157768.38,28.73,19.88,4.04,13.93,15.93
2025-01-21,108188,2908699.73,1935871.85,334184.18,337398.32,1616743.12,26.89,17.89,3.12,14.94,17.26
2025-01-22,116565,3042309.02,2010956.09,350954.6,334566.61,1723993.72,26.1,17.25,2.87,14.79,17.45
2025-01-23,125583,3333177.6,2207426.71,384540.01,365238.87,1913235.7,26.54,17.58,2.91,15.23,17.42
2025-01-24,118388,3131211.86,2073223.88,360368.47,353912.78,1797340.03,26.45,17.51,2.99,15.18,17.38
2025-01-25,127843,3135459.44,2131395.85,344775.48,359042.22,1783508.8,24.53,16.67,2.81,13.95,16.18
2025-01-26,95607,2577966.58,1763925.65,287893.07,334775.89,1304378.77,26.96,18.45,3.5,13.64,16.32
2025-01-27,87227,2414806.48,1594689.87,289978.57,289396.33,1324403.28,27.68,18.28,3.32,15.18,18.18
2025-01-28,106145,2796683.88,1835259.19,335027.63,313798.15,1590092.37,26.35,17.29,2.96,14.98,18.26
2025-01-29,111822,2964301.71,1945260.87,357154.44,335326.95,1675033.75,26.51,17.4,3.0,14.98,18.36
2025-01-30,122095,3302598.46,2187421.89,390616.36,368021.0,1922468.55,27.05,17.92,3.01,15.75,17.86
2025-01-31,120013,3178810.08,2121572.15,355333.8,363844.43,1848344.67,26.49,17.68,3.03,15.4,16.75
2025-02-01,138180,3370648.18,2320788.03,344545.03,389143.62,1963633.52,24.39,16.8,2.82,14.21,14.85
2025-02-02,115090,2979237.69,2064732.27,305201.7,386339.33,1579352.07,25.89,17.94,3.36,13.72,14.78
2025-02-03,91490,2530924.37,1687951.63,295811.93,306922.86,1400016.85,27.66,18.45,3.35,15.3,17.52
2025-02-04,111055,2924190.3,1923704.47,347129.22,322434.41,1679010.77,26.33,17.32,2.9,15.12,18.04
2025-02-05,118120,3176736.96,2100802.96,377694.77,346625.12,1852737.25,26.89,17.79,2.93,15.69,17.98
2025-02-06,116301,3112492.25,2067008.52,362433.93,342670.87,1790725.35,26.76,17.77,2.95,15.4,17.53
2025-02-07,125022,3294801.34,2194215.33,368903.45,371799.72,1932337.77,26.35,17.55,2.97,15.46,16.81
2025-02-08,134858,3367396.36,2346794.06,339606.6,370023.54,1973825.1,24.97,17.4,2.74,14.64,14.47
2025-02-09,112981,3030083.17,2156968.74,279776.69,395714.44,1538074.13,26.82,19.09,3.5,13.61,12.97
2025-02-10,99742,2789115.86,1870466.37,320863.38,335324.53,1581088.25,27.96,18.75,3.36,15.85,17.15
2025-02-11,114973,3024472.46,2012520.97,348673.5,330366.07,1757803.25,26.31,17.5,2.87,15.29,17.33
2025-02-12,117522,3070789.45,2038147.09,351960.38,342776.83,1757242.5,26.13,17.34,2.92,14.95,17.27
2025-02-13,129213,3474808.56,2332072.61,387921.21,392388.57,2060161.13,26.89,18.05,3.04,15.94,16.63
2025-02-14,140189,3819828.75,2634370.51,381659.78,429208.71,2336859.25,27.25,18.79,3.06,16.67,14.49
2025-02-15,136301,3319639.45,2325653.37,305563.29,400746.68,1921512.37,24.36,17.06,2.94,14.1,13.14
2025-02-16,103680,2658565.05,1870768.03,250549.17,348313.2,1428140.65,25.64,18.04,3.36,13.77,13.39
2025-02-17,87491,2434339.74,1670970.04,273108.03,333340.86,1215459.83,27.82,19.1,3.81,13.89,16.34
2025-02-18,107589,2964192.87,1973712.19,343570.21,353457.48,1645747.7,27.55,18.34,3.29,15.3,17.41
2025-02-19,113524,3005546.73,1997752.22,345827.45,339570.06,1731383.27,26.47,17.6,2.99,15.25,17.31
2025-02-20,129028,3391127.7,2260582.39,381183.65,378806.56,1974117.72,26.28,17.52,2.94,15.3,16.86
2025-02-21,121630,3220619.39,2152641.01,357971.64,375389.55,1833706.92,26.48,17.7,3.09,15.08,16.63
2025-02-22,130259,3263225.08,2268327.93,328494.61,404493.03,1871988.03,25.05,17.41,3.11,14.37,14.48
2025-02-23,100586,2777311.29,1931685.8,294408.84,376060.85,1435456.17,27.61,19.2,3.74,14.27,15.24
2025-02-24,89780,2561055.36,1719093.19,298290.22,318146.7,1407182.52,28.53,19.15,3.54,15.67,17.35
2025-02-25,106922,2904695.05,1929151.52,342915.34,338411.22,1661585.65,27.17,18.04,3.17,15.54,17.78
2025-02-26,118553,3279874.13,2189686.15,384025.75,376731.27,1897591.88,27.67,18.47,3.18,16.01,17.54
2025-02-27,131268,3644552.88,2444210.13,420091.74,414301.18,2147777.6,27.76,18.62,3.16,16.36,17.19
2025-02-28,133606,3671288.03,2496650.22,391142.66,431940.72,2121161.88,27.48,18.69,3.23,15.88,15.67
2025-03-01,151390,3895929.01,2747927.67,371954.15,462646.49,2173528.63,25.73,18.15,3.06,14.36,13.54
2025-03-02,118719,3250562.24,2292648.33,322881.31,426413.67,1665192.55,27.38,19.31,3.59,14.03,14.08
2025-03-03,102205,2883679.91,1929558.13,333829.37,351803.67,1583484.45,28.21,18.88,3.44,15.49,17.3
2025-03-04,114985,3120755.07,2082205.79,362885.53,354372.4,1773593.55,27.14,18.11,3.08,15.42,17.43
2025-03-05,131404,3607025.17,2454486.48,394378.12,382948.18,2069861.13,27.45,18.68,2.91,15.75,16.07
2025-03-06,133241,3650947.67,2439794.28,419626.52,415927.47,2095897.85,27.4,18.31,3.12,15.73,17.2
2025-03-07,124419,3389832.75,2287138.34,373822.92,394489.98,1955490.17,27.25,18.38,3.17,15.72,16.34
2025-03-08,136529,3426548.24,2381531.69,344374.58,414576.18,1960377.38,25.1,17.44,3.04,14.36,14.46
2025-03-09,108590,3043008.69,2142897.72,309193.53,410184.34,1658606.73,28.02,19.73,3.78,15.27,14.43
2025-03-10,97249,2823494.07,1904901.39,326585.79,350436.02,1596402.1,29.03,19.59,3.6,16.42,17.14
2025-03-11,115852,3244061.38,2182115.57,375481.54,368321.31,1919025.48,28.0,18.84,3.18,16.56,17.21
2025-03-12,127543,3545583.09,2368159.06,417671.22,398067.68,2074148.02,27.8,18.57,3.12,16.26,17.64
2025-03-13,142248,3973927.9,2685408.77,446070.53,444961.86,2335084.18,27.94,18.88,3.13,16.42,16.61
2025-03-14,131433,3637125.9,2459872.42,400151.25,428852.61,2095191.45,27.67,18.72,3.26,15.94,16.27
2025-03-15,140741,3662788.15,2569098.83,363570.75,447662.59,2122174.42,26.03,18.25,3.18,15.08,14.15
2025-03-16,109414,3106737.14,2197882.13,315452.54,415332.92,1664088.93,28.39,20.09,3.8,15.21,14.35
2025-03-17,102748,3148700.99,2163292.46,350490.89,390900.15,1812974.78,30.64,21.05,3.8,17.64,16.2
2025-03-18,114455,3235122.43,2187889.98,366627.78,374428.96,1880086.65,28.27,19.12,3.27,16.43,16.76
2025-03-19,117828,3311769.27,2223563.9,383826.09,382287.73,1931951.3,28.11,18.87,3.24,16.4,17.26
2025-03-20,139349,3991904.21,2731475.85,436576.1,449177.3,2310560.47,28.65,19.6,3.22,16.58,15.98
2025-03-21,122537,3485952.38,2367699.35,387290.92,423013.13,1998417.92,28.45,19.32,3.45,16.31,16.36
2025-03-22,131330,3502019.08,2450791.71,361927.02,428764.03,1963113.98,26.67,18.66,3.26,14.95,14.77
2025-03-23,111655,3228138.11,2275501.37,334877.51,435842.09,1671882.95,28.91,20.38,3.9,14.97,14.72
2025-03-24,101504,3012628.32,2061535.65,339210.68,366348.98,1734071.3,29.68,20.31,3.61,17.08,16.45
2025-03-25,110577,3153208.23,2125336.83,364957.87,368903.38,1800242.33,28.52,19.22,3.34,16.28,17.17
2025-03-26,121080,3427693.95,2297292.69,402798.23,391458.35,1964958.48,28.31,18.97,3.23,16.23,17.53
2025-03-27,130397,3792470.96,2569929.14,433172.15,437860.75,2210354.15,29.08,19.71,3.36,16.95,16.86
2025-03-28,124153,3521806.69,2390183.96,392330.95,418853.24,2018354.63,28.37,19.25,3.37,16.26,16.41
2025-03-29,149874,4029338.24,2868495.7,390736.87,478924.38,2293072.08,26.88,19.14,3.2,15.3,13.62
2025-03-30,124144,3643450.36,2644212.65,332512.47,488893.33,1871239.27,29.35,21.3,3.94,15.07,12.58
2025-03-31,105090,3081165.59,2103795.03,342162.57,390559.11,1640275.43,29.32,20.02,3.72,15.61,16.26
2025-04-01,118913,3415312.86,2306607.4,392101.76,402962.98,1933425.45,28.72,19.4,3.39,16.26,17.0
2025-04-02,126266,3504848.2,2344461.16,407862.34,391849.54,2074817.27,27.76,18.57,3.1,16.43,17.4
2025-04-03,127336,3680576.53,2475943.62,431517.12,416784.11,2189534.18,28.9,19.44,3.27,17.19,17.43
2025-04-04,123895,3507786.17,2371978.71,397185.73,408661.22,2064630.77,28.31,19.15,3.3,16.66,16.74
2025-04-05,141334,3684538.63,2572404.94,381308.62,436365.34,2202654.77,26.07,18.2,3.09,15.58,14.82
2025-04-06,113208,3220379.14,2266061.66,332146.59,430195.43,1699939.58,28.45,20.02,3.8,15.02,14.66
2025-04-07,107008,3129806.85,2111389.19,364457.37,374018.37,1797270.38,29.25,19.73,3.5,16.8,17.26
2025-04-08,121106,3341439.92,2229864.08,391314.18,375632.37,1956101.12,27.59,18.41,3.1,16.15,17.55
2025-04-09,126591,3566060.19,2393710.52,416541.1,401462.41,2106250.82,28.17,18.91,3.17,16.64,17.4
2025-04-10,134539,3807214.61,2558970.1,440470.88,427271.21,2264828.23,28.3,19.02,3.18,16.83,17.21
2025-04-11,138958,3786079.56,2579278.46,400300.48,429705.99,2259398.2,27.25,18.56,3.09,16.26,15.52
2025-04-12,136786,3470680.56,2432280.97,339542.14,418180.33,2027634.08,25.37,17.78,3.06,14.82,13.96
2025-04-13,101002,2811402.11,1969051.59,291168.1,384753.67,1453982.02,27.84,19.5,3.81,14.4,14.79
2025-04-14,91634,2650813.56,1786462.68,303783.81,335902.59,1411789.95,28.93,19.5,3.67,15.41,17.0
2025-04-15,112434,3169949.83,2130353.83,366495.53,370077.32,1835239.57,28.19,18.95,3.29,16.32,17.2
2025-04-16,123434,3444370.44,2303555.82,401883.85,395423.04,1998872.93,27.9,18.66,3.2,16.19,17.45
2025-04-17,123710,3574315.48,2413670.51,411348.15,415771.71,2132266.35,28.89,19.51,3.36,17.24,17.04
2025-04-18,114315,3184120.49,2154194.1,350696.87,389461.37,1772939.67,27.85,18.84,3.41,15.51,16.28
2025-04-19,123061,3244462.09,2285176.33,327659.32,410413.17,1885967.17,26.36,18.57,3.34,15.33,14.34
2025-04-20,105614,2988536.8,2125193.46,296279.14,422592.79,1593682.72,28.3,20.12,4.0,15.09,13.94
2025-04-21,99098,2971281.3,2014672.16,342572.87,379529.48,1647870.37,29.98,20.33,3.83,16.63,17.0
2025-04-22,114748,3359063.12,2268732.1,392463.92,397673.01,1976743.62,29.27,19.77,3.47,17.23,17.3
2025-04-23,124535,3582227.73,2413902.2,419724.9,408125.72,2158769.32,28.76,19.38,3.28,17.33,17.39
2025-04-24,135192,3991010.97,2713030.78,458539.57,448168.08,2477819.17,29.52,20.07,3.32,18.33,16.9
2025-04-25,133546,3827872.21,2608446.45,422907.77,443200.06,2337608.4,28.66,19.53,3.32,17.5,16.21
2025-04-26,145567,3902862.65,2743444.54,399731.33,458206.68,2351589.97,26.81,18.85,3.15,16.15,14.57
2025-04-27,128494,3697428.35,2629564.1,365317.99,494828.31,2016690.88,28.78,20.46,3.85,15.69,13.89
2025-04-28,100852,3063341.32,2084209.02,352146.83,381706.88,1769230.2,30.37,20.67,3.78,17.54,16.9
2025-04-29,116108,3383823.02,2285730.45,395173.22,392207.18,2017330.7,29.14,19.69,3.38,17.37,17.29
2025-04-30,127657,3752260.63,2547256.44,433889.83,431871.73,2291540.62,29.39,19.95,3.38,17.95,17.03
2025-05-01,141622,4226637.41,2890600.7,475886.77,486292.92,2603609.28,29.84,20.41,3.43,18.38,16.46
2025-05-02,132029,3798337.21,2598040.8,414724.51,446879.46,2292913.23,28.77,19.68,3.38,17.37,15.96
2025-05-03,149016,3965857.0,2827587.58,376028.21,485502.34,2369595.05,26.61,18.98,3.26,15.9,13.3
2025-05-04,128886,3776540.64,2724282.72,354833.32,506618.56,2131941.93,29.3,21.14,3.93,16.54,13.02
2025-05-05,120822,3606427.11,2503638.53,385799.3,429243.19,2214246.73,29.85,20.72,3.55,18.33,15.41
2025-05-06,129827,3803048.2,2602649.24,422235.9,441537.86,2302386.62,29.29,20.05,3.4,17.73,16.22
2025-05-07,134220,3990252.2,2728784.09,450597.97,460655.47,2426905.58,29.73,20.33,3.43,18.08,16.51
2025-05-08,147781,4403992.38,3029588.89,490536.66,489878.36,2772634.82,29.8,20.5,3.31,18.76,16.19
2025-05-09,143600,4210620.05,2925712.86,440954.31,477477.55,2664801.45,29.32,20.37,3.33,18.56,15.07
2025-05-10,144401,3945416.7,2808402.54,388230.24,486355.05,2417532.55,27.32,19.45,3.37,16.74,13.82
2025-05-11,133042,3873578.42,2791441.53,366474.63,523887.2,2217249.65,29.12,20.98,3.94,16.67,13.13
2025-05-12,115589,3548595.41,2439451.35,396040.64,439783.25,2091782.2,30.7,21.1,3.8,18.1,16.23
2025-05-13,135866,4009951.79,2750022.42,448087.73,450003.89,2500911.72,29.51,20.24,3.31,18.41,16.29
2025-05-14,143366,4411750.02,3104348.67,464682.5,467852.35,2841769.27,30.77,21.65,3.26,19.82,14.97
2025-05-15,149355,4573673.57,3166073.2,500802.66,527448.86,2814294.38,30.62,21.2,3.53,18.84,15.82
2025-05-16,143903,4458077.27,3149049.81,458819.52,516706.4,2810755.6,30.98,21.88,3.59,19.53,14.57
2025-05-17,160572,4653903.9,3405564.9,414892.44,574664.07,2803228.3,28.98,21.21,3.58,17.46,12.18
2025-05-18,128900,4076606.22,2984296.63,383443.56,543998.77,2372463.63,31.63,23.15,4.22,18.41,12.85
2025-05-19,115122,3367983.1,2239064.78,400996.18,434495.09,2077635.78,29.26,19.45,3.77,18.05,17.91
2025-05-20,129543,3655907.19,2424115.43,432427.79,443679.96,2358332.83,28.22,18.71,3.42,18.21,17.84
2025-05-21,140730,3978816.76,2639580.56,474116.13,462030.96,2624184.07,28.27,18.76,3.28,18.65,17.96
2025-05-22,135595,3973822.98,2672131.15,465034.28,464167.5,2632831.1,29.31,19.71,3.42,19.42,17.4
2025-05-23,113521,3240691.89,2166950.33,373836.63,411481.11,2055240.0,28.55,19.09,3.62,18.1,17.25
2025-05-24,96868,2475168.9,1677823.4,278006.16,345709.88,1451423.23,25.55,17.32,3.57,14.98,16.57
2025-05-25,99939,2828228.31,2046963.29,257305.11,412037.35,1576839.53,28.3,20.48,4.12,15.78,12.57
2025-05-26,86627,2682326.21,1924033.7,268090.97,412718.6,1383281.77,30.96,22.21,4.76,15.97,13.93
2025-05-27,112215,3384595.16,2334580.22,372393.96,422343.17,2005107.07,30.16,20.8,3.76,17.87,15.95
2025-05-28,138139,4079000.86,2840289.54,431184.86,452039.49,2607810.97,29.53,20.56,3.27,18.88,15.18
2025-05-29,133706,3980829.61,2754772.45,432105.02,459409.25,2468074.85,29.77,20.6,3.44,18.46,15.69
2025-05-30,131020,3786620.93,2626550.47,394111.32,456531.93,2321922.07,28.9,20.05,3.48,17.72,15.0
2025-05-31,138894,3799098.08,2726258.53,356577.77,489192.42,2242196.77,27.35,19.63,3.52,16.14,13.08
2025-06-01,118928,3568681.03,2575682.27,344354.06,498972.64,2018065.27,30.01,21.66,4.2,16.97,13.37
2025-06-02,102626,3113262.42,2118049.93,357779.77,401318.62,1724886.57,30.34,20.64,3.91,16.81,16.89
2025-06-03,126545,3661745.01,2497713.95,409665.54,437944.36,2143558.8,28.94,19.74,3.46,16.94,16.4
2025-06-04,140572,4144693.17,2864595.7,451997.08,472616.78,2584397.6,29.48,20.38,3.36,18.38,15.78
2025-06-05,155049,4621261.37,3243476.4,472959.17,530907.04,2820725.27,29.81,20.92,3.42,18.19,14.58
2025-06-06,140819,4265982.63,3057452.72,396523.79,503911.1,2496046.43,30.29,21.71,3.58,17.73,12.97
2025-06-07,146612,4268543.96,3147144.32,365801.4,531878.13,2457602.42,29.11,21.47,3.63,16.76,11.62
2025-06-08,125351,3951102.18,2914192.42,351970.5,533393.14,2217309.55,31.52,23.25,4.26,17.69,12.08
2025-06-09,114966,3464543.13,2378210.73,383373.68,433195.25,1987202.18,30.14,20.69,3.77,17.29,16.12
2025-06-10,126737,3754804.24,2583673.85,414449.91,433359.92,2271279.72,29.63,20.39,3.42,17.92,16.04
2025-06-11,135282,3962974.8,2728964.48,432754.04,449729.68,2418672.67,29.29,20.17,3.32,17.88,15.86
2025-06-12,147334,4387671.62,3048495.64,466828.76,494941.06,2719323.3,29.78,20.69,3.36,18.46,15.31
2025-06-13,129060,3722620.52,2588810.05,382257.06,450770.5,2242398.92,28.84,20.06,3.49,17.37,14.77
2025-06-14,131393,3542465.64,2551128.5,317421.45,458075.98,2095650.1,26.96,19.42,3.49,15.95,12.44
2025-06-15,112450,3216203.96,2315252.8,297238.58,452629.81,1767421.47,28.6,20.59,4.03,15.72,12.84
2025-06-16,107699,3210422.74,2210595.86,347080.01,407214.01,1843011.48,29.81,20.53,3.78,17.11,15.7
2025-06-17,121681,3494401.31,2403501.22,377849.9,402254.06,2148724.2,28.72,19.75,3.31,17.66,15.72
2025-06-18,138674,4018162.58,2780575.65,423571.45,458061.91,2439385.48,28.98,20.05,3.3,17.59,15.23
2025-06-19,126371,3608543.81,2489176.2,377341.46,434176.55,2088862.23,28.56,19.7,3.44,16.53,15.16
2025-06-20,123069,3640459.52,2551993.23,364902.41,451388.03,2213115.98,29.58,20.74,3.67,17.98,14.3
2025-06-21,139588,3906039.17,2863268.47,327602.87,514186.01,2364738.05,27.98,20.51,3.68,16.94,11.44
2025-06-22,121058,3638497.22,2659852.94,324037.31,520939.81,2049649.25,30.06,21.97,4.3,16.93,12.18
2025-06-23,123156,3735902.66,2623219.79,379334.43,469932.22,2232762.2,30.33,21.3,3.82,18.13,14.46
2025-06-24,136629,3978087.78,2773250.75,407648.84,454427.47,2362556.87,29.12,20.3,3.33,17.29,14.7
2025-06-25,138689,4062343.2,2830126.29,424490.95,449162.9,2485857.22,29.29,20.41,3.24,17.92,15.0
2025-06-26,135282,4134126.51,2898882.39,435324.3,471747.26,2617468.82,30.56,21.43,3.49,19.35,15.02
2025-06-27,122618,3669220.53,2553399.99,380841.83,457005.51,2205061.93,29.92,20.82,3.73,17.98,14.92
2025-06-28,128476,3656008.54,2642569.47,335902.37,466100.89,2161499.92,28.46,20.57,3.63,16.82,12.71
2025-06-29,116347,3526479.28,2591655.47,312812.66,475606.64,1998914.47,30.31,22.28,4.09,17.18,12.07
2025-06-30,100472,2870897.69,1983283.22,296990.96,365108.26,1657565.32,28.57,19.74,3.63,16.5,14.97
