month,metric,row_count,pct_of_month_raw
2025-01,raw_rows,3475226,100.0
2025-01,accepted_rows,3217954,92.597
2025-01,rejected_rows,257272,7.403
2025-01,invalid_distance,64507,1.8562
2025-01,invalid_duration,39437,1.1348
2025-01,invalid_fare,127533,3.6698
2025-01,invalid_location,0,0.0
2025-01,invalid_passenger_count,23532,0.6771
2025-01,invalid_speed,176,0.0051
2025-01,invalid_timestamp_or_partition,2073,0.0597
2025-01,invalid_total_amount,14,0.0004
2025-02,raw_rows,3577543,100.0
2025-02,accepted_rows,3274953,91.542
2025-02,rejected_rows,302590,8.458
2025-02,invalid_distance,75684,2.1155
2025-02,invalid_duration,36378,1.0168
2025-02,invalid_fare,164206,4.5899
2025-02,invalid_location,0,0.0
2025-02,invalid_passenger_count,20928,0.585
2025-02,invalid_speed,183,0.0051
2025-02,invalid_timestamp_or_partition,5195,0.1452
2025-02,invalid_total_amount,16,0.0004
2025-03,raw_rows,4145257,100.0
2025-03,accepted_rows,3792683,91.4945
2025-03,rejected_rows,352574,8.5055
2025-03,invalid_distance,74481,1.7968
2025-03,invalid_duration,44790,1.0805
2025-03,invalid_fare,189485,4.5711
2025-03,invalid_location,0,0.0
2025-03,invalid_passenger_count,21289,0.5136
2025-03,invalid_speed,200,0.0048
2025-03,invalid_timestamp_or_partition,22313,0.5383
2025-03,invalid_total_amount,16,0.0004
2025-04,raw_rows,3970553,100.0
2025-04,accepted_rows,3636941,91.5978
2025-04,rejected_rows,333612,8.4022
2025-04,invalid_distance,61198,1.5413
2025-04,invalid_duration,45698,1.1509
2025-04,invalid_fare,169696,4.2739
2025-04,invalid_location,0,0.0
2025-04,invalid_passenger_count,22095,0.5565
2025-04,invalid_speed,135,0.0034
2025-04,invalid_timestamp_or_partition,34776,0.8758
2025-04,invalid_total_amount,14,0.0004
2025-05,raw_rows,4591845,100.0
2025-05,accepted_rows,4054716,88.3025
2025-05,rejected_rows,537129,11.6975
2025-05,invalid_distance,106821,2.3263
2025-05,invalid_duration,51255,1.1162
2025-05,invalid_fare,291594,6.3503
2025-05,invalid_location,0,0.0
2025-05,invalid_passenger_count,22967,0.5002
2025-05,invalid_speed,189,0.0041
2025-05,invalid_timestamp_or_partition,64296,1.4002
2025-05,invalid_total_amount,7,0.0002
2025-06,raw_rows,4322960,100.0
2025-06,accepted_rows,3833533,88.6784
2025-06,rejected_rows,489427,11.3216
2025-06,invalid_distance,100875,2.3335
2025-06,invalid_duration,49477,1.1445
2025-06,invalid_fare,248372,5.7454
2025-06,invalid_location,0,0.0
2025-06,invalid_passenger_count,21851,0.5055
2025-06,invalid_speed,227,0.0053
2025-06,invalid_timestamp_or_partition,68603,1.5869
2025-06,invalid_total_amount,22,0.0005
