pickup_weekday_num,pickup_weekday,pickup_hour,trip_count,gross_booking_value_usd,fare_revenue_usd,tips_usd,total_trip_distance_miles,total_trip_duration_min,avg_total_amount_usd,avg_fare_amount_usd,avg_trip_distance_miles,avg_trip_duration_min,tip_share_pct
0,Monday,0,48767,1758199.58,1279653.4,171240.18,296303.47,757275.95,36.05,26.24,6.08,15.53,13.38
0,Monday,1,23916,831796.25,612414.63,77229.52,143097.32,359267.07,34.78,25.61,5.98,15.02,12.61
0,Monday,2,13156,395911.31,290964.63,32692.28,67667.17,183357.98,30.09,22.12,5.14,13.94,11.24
0,Monday,3,9747,300797.56,224835.77,23325.14,53268.48,141897.25,30.86,23.07,5.47,14.56,10.37
0,Monday,4,13200,472505.17,358996.18,35494.89,83090.42,213529.83,35.8,27.2,6.29,16.18,9.89
0,Monday,5,23450,826048.15,621371.26,66376.86,143260.26,404077.8,35.23,26.5,6.11,17.23,10.68
0,Monday,6,51857,1558292.79,1161409.18,130113.83,251878.84,899907.17,30.05,22.4,4.86,17.35,11.2
0,Monday,7,99783,2780217.72,2013478.43,263496.71,383222.49,1718692.05,27.86,20.18,3.84,17.22,13.09
0,Monday,8,132950,3546587.55,2532749.04,352454.74,432910.2,2238922.92,26.68,19.05,3.26,16.84,13.92
0,Monday,9,129593,3497930.53,2429610.88,391514.98,412701.82,2138137.48,26.99,18.75,3.18,16.5,16.11
0,Monday,10,126545,3520665.32,2434137.64,409150.03,416359.39,2135859.25,27.82,19.24,3.29,16.88,16.81
0,Monday,11,130458,3633327.46,2518866.27,423048.13,428275.17,2220886.83,27.85,19.31,3.28,17.02,16.8
0,Monday,12,141702,3984347.66,2763166.14,466312.04,475907.99,2426957.05,28.12,19.5,3.36,17.13,16.88
0,Monday,13,147508,4222658.38,2935617.71,492610.75,515121.42,2570830.27,28.63,19.9,3.49,17.43,16.78
0,Monday,14,161494,4809054.2,3362644.64,561262.61,592933.11,3001744.48,29.78,20.82,3.67,18.59,16.69
0,Monday,15,169979,5051238.56,3535287.9,588675.76,613841.59,3237957.87,29.72,20.8,3.61,19.05,16.65
0,Monday,16,163318,5257092.97,3392756.26,631168.63,598462.29,3066843.17,32.19,20.77,3.66,18.78,18.6
0,Monday,17,182128,5511770.62,3493459.18,664076.92,600177.87,3076958.87,30.26,19.18,3.3,16.89,19.01
0,Monday,18,185072,5237096.48,3255626.38,632659.33,564470.3,2704709.27,28.3,17.59,3.05,14.61,19.43
0,Monday,19,152788,4485068.02,2810147.06,542926.77,526364.24,2147726.27,29.35,18.39,3.45,14.06,19.32
0,Monday,20,148330,4211832.55,2796816.24,500357.28,550538.46,2075562.2,28.4,18.86,3.71,13.99,17.89
0,Monday,21,150407,4248115.21,2845371.12,489900.23,564940.08,2101341.82,28.24,18.92,3.76,13.97,17.22
0,Monday,22,121905,3634949.24,2500842.8,393199.06,513899.45,1811751.15,29.82,20.51,4.22,14.86,15.72
0,Monday,23,74579,2457782.3,1741551.97,250853.77,381436.24,1161762.3,32.96,23.35,5.11,15.58,14.4
1,Tuesday,0,39107,1392352.16,998005.84,143446.73,227869.0,622744.23,35.6,25.52,5.83,15.92,14.37
1,Tuesday,1,18172,652835.96,476188.09,64557.73,110390.05,282909.3,35.93,26.2,6.07,15.57,13.56
1,Tuesday,2,9043,295803.22,216311.95,26032.87,49492.86,130659.9,32.71,23.92,5.47,14.45,12.03
1,Tuesday,3,5843,183322.58,137391.48,13967.36,31762.77,85805.45,31.37,23.51,5.44,14.69,10.17
1,Tuesday,4,7982,283845.21,214991.36,22688.86,50313.13,130892.7,35.56,26.93,6.3,16.4,10.55
1,Tuesday,5,19668,650913.7,480571.23,55120.23,111522.4,323071.55,33.1,24.43,5.67,16.43,11.47
1,Tuesday,6,51845,1462983.92,1078249.94,126867.14,229929.22,874226.57,28.22,20.8,4.43,16.86,11.77
1,Tuesday,7,109583,2895276.99,2075711.53,281039.75,377797.36,1846071.7,26.42,18.94,3.45,16.85,13.54
1,Tuesday,8,151280,3940290.14,2811839.33,394546.45,448305.19,2591106.62,26.05,18.59,2.96,17.13,14.03
1,Tuesday,9,148143,3939710.44,2746435.49,440855.03,429612.43,2565316.58,26.59,18.54,2.9,17.32,16.05
1,Tuesday,10,139126,3803938.78,2630359.8,449676.37,410151.09,2462042.3,27.34,18.91,2.95,17.7,17.1
1,Tuesday,11,140992,3903473.43,2710432.69,465693.25,419015.76,2557428.67,27.69,19.22,2.97,18.14,17.18
1,Tuesday,12,149076,4130573.15,2866404.68,490407.57,452772.34,2668545.22,27.71,19.23,3.04,17.9,17.11
1,Tuesday,13,154259,4343682.74,3008157.34,519708.69,490582.16,2759311.18,28.16,19.5,3.18,17.89,17.28
1,Tuesday,14,171080,4945357.67,3444958.68,586988.32,569467.23,3229638.52,28.91,20.14,3.33,18.88,17.04
1,Tuesday,15,180230,5150451.7,3590437.05,605285.67,580334.54,3430479.93,28.58,19.92,3.22,19.03,16.86
1,Tuesday,16,175674,5468704.56,3466679.04,666417.54,569196.56,3256206.62,31.13,19.73,3.24,18.54,19.22
1,Tuesday,17,202672,5947239.24,3710037.17,727614.11,581648.38,3449292.18,29.34,18.31,2.87,17.02,19.61
1,Tuesday,18,213461,5913892.04,3620673.38,726469.57,568415.42,3207157.33,27.7,16.96,2.66,15.02,20.06
1,Tuesday,19,178323,5054115.22,3100566.25,625392.56,540690.76,2506298.73,28.34,17.39,3.03,14.05,20.17
1,Tuesday,20,189296,5030133.8,3306955.65,594589.84,611045.54,2600642.18,26.57,17.47,3.23,13.74,17.98
1,Tuesday,21,206546,5504724.11,3686153.69,612224.76,676720.24,2854925.08,26.65,17.85,3.28,13.82,16.61
1,Tuesday,22,166622,4585326.12,3130416.63,484074.47,586447.04,2363793.82,27.52,18.79,3.52,14.19,15.46
1,Tuesday,23,92322,2748101.23,1894903.0,291382.17,390616.94,1353474.38,29.77,20.52,4.23,14.66,15.38
2,Wednesday,0,49790,1530343.79,1075648.29,161663.38,230129.79,745660.98,30.74,21.6,4.62,14.98,15.03
2,Wednesday,1,26807,784994.83,559855.92,77786.66,115862.16,388988.38,29.28,20.88,4.32,14.51,13.89
2,Wednesday,2,15854,422143.25,299818.85,40039.51,61317.35,218306.87,26.63,18.91,3.87,13.77,13.35
2,Wednesday,3,10641,289571.72,207478.15,26219.86,45231.82,146393.87,27.21,19.5,4.25,13.76,12.64
2,Wednesday,4,11366,376607.04,279275.58,32553.56,65401.11,180647.52,33.13,24.57,5.75,15.89,11.66
2,Wednesday,5,21807,726586.4,536423.88,61849.63,124331.74,362310.9,33.32,24.6,5.7,16.61,11.53
2,Wednesday,6,53943,1524010.16,1121048.86,131124.08,240901.57,893526.38,28.25,20.78,4.47,16.56,11.7
2,Wednesday,7,116154,3028884.48,2168885.22,292249.43,395685.88,1900221.37,26.08,18.67,3.41,16.36,13.47
2,Wednesday,8,159508,4113325.89,2934710.7,406623.85,464507.06,2648199.62,25.79,18.4,2.91,16.6,13.86
2,Wednesday,9,154961,4069004.19,2834692.6,454782.8,438558.35,2609916.65,26.26,18.29,2.83,16.84,16.04
2,Wednesday,10,146448,3967042.56,2740380.71,470670.8,425489.15,2576201.2,27.09,18.71,2.91,17.59,17.18
2,Wednesday,11,151108,4168116.79,2889909.55,499220.16,441457.07,2748650.08,27.58,19.12,2.92,18.19,17.27
2,Wednesday,12,161077,4517130.4,3142713.52,538159.04,487760.76,2964090.73,28.04,19.51,3.03,18.4,17.12
2,Wednesday,13,169234,4814661.17,3350649.1,576429.32,525912.37,3162962.52,28.45,19.8,3.11,18.69,17.2
2,Wednesday,14,182971,5345123.2,3738388.8,635798.37,601765.44,3577497.6,29.21,20.43,3.29,19.55,17.01
2,Wednesday,15,194366,5593125.37,3913832.57,656715.78,614558.7,3797106.03,28.78,20.14,3.16,19.54,16.78
2,Wednesday,16,190844,6028430.08,3857380.76,735875.65,616726.49,3709368.62,31.59,20.21,3.23,19.44,19.08
2,Wednesday,17,221638,6641373.81,4205396.7,802318.55,633387.8,4007209.6,29.96,18.97,2.86,18.08,19.08
2,Wednesday,18,233826,6620770.58,4121748.84,800614.41,622281.83,3710642.12,28.31,17.63,2.66,15.87,19.42
2,Wednesday,19,207774,5881678.68,3656062.1,708051.39,601555.54,3060498.03,28.31,17.6,2.9,14.73,19.37
2,Wednesday,20,211214,5661535.61,3753601.73,656102.18,668769.2,3003069.45,26.8,17.77,3.17,14.22,17.48
2,Wednesday,21,225833,6089183.85,4093067.6,677382.01,738527.79,3204919.93,26.96,18.12,3.27,14.19,16.55
2,Wednesday,22,198219,5441915.6,3735677.15,563283.99,676615.42,2864111.98,27.45,18.85,3.41,14.45,15.08
2,Wednesday,23,119608,3477546.6,2410852.22,354781.61,472779.47,1747245.8,29.07,20.16,3.95,14.61,14.72
3,Thursday,0,60765,1864349.52,1305177.41,192179.6,274483.09,888078.9,30.68,21.48,4.52,14.61,14.72
3,Thursday,1,28027,818881.79,576398.96,80625.36,123733.51,380018.05,29.22,20.57,4.41,13.56,13.99
3,Thursday,2,15005,400958.66,280204.84,37362.52,60217.72,191572.1,26.72,18.67,4.01,12.77,13.33
3,Thursday,3,10451,297487.61,214039.57,25392.4,47412.73,141076.37,28.46,20.48,4.54,13.5,11.86
3,Thursday,4,12817,461511.13,343393.07,39801.61,78615.5,207963.07,36.01,26.79,6.13,16.23,11.59
3,Thursday,5,25080,856629.14,630782.58,74005.41,143177.08,417265.72,34.16,25.15,5.71,16.64,11.73
3,Thursday,6,58103,1683566.22,1243291.62,143625.63,264732.1,990040.05,28.98,21.4,4.56,17.04,11.55
3,Thursday,7,118262,3143010.62,2268631.6,296703.87,412195.27,1979874.53,26.58,19.18,3.49,16.74,13.08
3,Thursday,8,159376,4174278.55,2989420.48,409245.55,477948.49,2684480.57,26.19,18.76,3.0,16.84,13.69
3,Thursday,9,155284,4085697.47,2856647.49,449484.61,448375.57,2629806.48,26.31,18.4,2.89,16.94,15.73
3,Thursday,10,148655,4090517.47,2834753.9,480577.09,447829.34,2653980.65,27.52,19.07,3.01,17.85,16.95
3,Thursday,11,154174,4299718.37,2987542.95,512833.92,463792.96,2825560.33,27.89,19.38,3.01,18.33,17.17
3,Thursday,12,166240,4711130.74,3278252.66,561969.04,520574.66,3070567.97,28.34,19.72,3.13,18.47,17.14
3,Thursday,13,174088,5029784.67,3501924.68,602197.81,563103.63,3278978.48,28.89,20.12,3.23,18.84,17.2
3,Thursday,14,189837,5646965.67,3953197.63,671000.02,641816.26,3789382.75,29.75,20.82,3.38,19.96,16.97
3,Thursday,15,202622,6008161.98,4218720.51,703400.7,667968.08,4116099.93,29.65,20.82,3.3,20.31,16.67
3,Thursday,16,200051,6414727.61,4109684.31,780562.79,654848.96,3995685.73,32.07,20.54,3.27,19.97,18.99
3,Thursday,17,230701,7023514.63,4463709.48,842263.22,679125.91,4288896.53,30.44,19.35,2.94,18.59,18.87
3,Thursday,18,246805,7072824.47,4435551.16,839285.25,669036.01,4042521.42,28.66,17.97,2.71,16.38,18.92
3,Thursday,19,218654,6220100.0,3891888.15,734060.36,634136.57,3313072.2,28.45,17.8,2.9,15.15,18.86
3,Thursday,20,221449,5997318.74,4004638.27,681361.71,706140.8,3266505.1,27.08,18.08,3.19,14.75,17.01
3,Thursday,21,235196,6430997.05,4338600.8,721723.65,765230.4,3464336.95,27.34,18.45,3.25,14.73,16.63
3,Thursday,22,219028,6120923.95,4229013.38,634723.64,750346.33,3286637.32,27.95,19.31,3.43,15.01,15.01
3,Thursday,23,158837,4552455.01,3174434.6,446643.5,604874.59,2369194.08,28.66,19.99,3.81,14.92,14.07
4,Friday,0,95643,2784670.92,1941773.1,277124.07,389840.5,1378032.43,29.12,20.3,4.08,14.41,14.27
4,Friday,1,49670,1425949.56,996833.34,143506.34,206976.05,678101.87,28.71,20.07,4.17,13.65,14.4
4,Friday,2,27811,745886.64,519992.52,71245.95,108592.46,355739.3,26.82,18.7,3.9,12.79,13.7
4,Friday,3,18000,489678.39,347046.57,43409.29,74430.94,233124.85,27.2,19.28,4.14,12.95,12.51
4,Friday,4,18043,617525.79,456750.34,52038.44,102218.7,276417.82,34.23,25.31,5.67,15.32,11.39
4,Friday,5,26577,964807.05,715227.57,83922.96,163232.62,448250.15,36.3,26.91,6.14,16.87,11.73
4,Friday,6,52637,1596317.86,1188610.86,135061.93,258256.74,905250.2,30.33,22.58,4.91,17.2,11.36
4,Friday,7,99272,2735310.32,1991338.67,255354.0,382797.53,1678753.13,27.55,20.06,3.86,16.91,12.82
4,Friday,8,128994,3330781.98,2367225.18,333683.81,415358.64,2055991.78,25.82,18.35,3.22,15.94,14.1
4,Friday,9,129332,3425822.64,2384063.69,381304.0,408834.74,2076789.82,26.49,18.43,3.16,16.06,15.99
4,Friday,10,135720,3687456.09,2553926.02,424756.19,427684.01,2285606.43,27.17,18.82,3.15,16.84,16.63
4,Friday,11,143845,3956343.12,2753220.82,455769.64,453145.32,2513382.58,27.5,19.14,3.15,17.47,16.55
4,Friday,12,158452,4430732.29,3095815.83,507345.95,516104.84,2815574.18,27.96,19.54,3.26,17.77,16.39
4,Friday,13,166445,4717191.97,3311123.19,531172.55,551682.09,2989078.32,28.34,19.89,3.31,17.96,16.04
4,Friday,14,186941,5494045.76,3883332.25,617177.09,644011.52,3666599.4,29.39,20.77,3.44,19.61,15.89
4,Friday,15,196647,5726195.39,4060879.0,635420.88,643005.57,3916977.5,29.12,20.65,3.27,19.92,15.65
4,Friday,16,185733,5877997.75,3787873.14,691810.66,614876.4,3626701.15,31.65,20.39,3.31,19.53,18.26
4,Friday,17,207575,6172113.23,3916299.57,722682.77,623269.93,3654964.63,29.73,18.87,3.0,17.61,18.45
4,Friday,18,223025,6279033.28,3958742.26,713923.87,619067.85,3524442.83,28.15,17.75,2.78,15.8,18.03
4,Friday,19,208423,5818167.6,3719394.95,626344.84,598696.39,3170501.77,27.92,17.85,2.87,15.21,16.84
4,Friday,20,190201,5110375.01,3468444.25,536615.16,612657.25,2863061.15,26.87,18.24,3.22,15.05,15.47
4,Friday,21,189125,5160135.42,3476507.15,580821.41,619230.86,2859243.87,27.28,18.38,3.27,15.12,16.71
4,Friday,22,205604,5598346.42,3832642.57,591747.05,677915.85,3183903.53,27.23,18.64,3.3,15.49,15.44
4,Friday,23,208244,5549927.82,3880240.48,511043.97,697534.0,3124420.53,26.65,18.63,3.35,15.0,13.17
5,Saturday,0,184529,4755142.51,3338286.27,407595.0,592771.19,2582744.25,25.77,18.09,3.21,14.0,12.21
5,Saturday,1,142233,3452896.65,2405243.09,284994.25,426157.03,1832669.12,24.28,16.91,3.0,12.88,11.85
5,Saturday,2,100798,2396451.41,1662531.11,196174.37,302309.4,1249504.88,23.77,16.49,3.0,12.4,11.8
5,Saturday,3,64132,1567253.59,1106646.41,121757.22,215022.55,799788.5,24.44,17.26,3.35,12.47,11.0
5,Saturday,4,38466,1062042.57,788119.86,73882.74,162803.69,520675.32,27.61,20.49,4.23,13.54,9.37
5,Saturday,5,19726,674291.04,513716.22,50291.34,116088.15,306630.67,34.18,26.04,5.89,15.54,9.79
5,Saturday,6,27660,879864.05,667345.11,71342.41,151430.59,404792.93,31.81,24.13,5.47,14.63,10.69
5,Saturday,7,39794,1181824.29,869486.33,108346.52,192106.5,565872.8,29.7,21.85,4.83,14.22,12.46
5,Saturday,8,63031,1657216.03,1182304.15,163386.6,243919.99,838326.27,26.29,18.76,3.87,13.3,13.82
5,Saturday,9,95257,2343550.63,1634227.29,242207.18,314846.55,1230808.67,24.6,17.16,3.31,12.92,14.82
5,Saturday,10,124506,3058212.36,2100940.12,334384.37,387607.63,1652339.63,24.56,16.87,3.11,13.27,15.92
5,Saturday,11,147137,3618859.01,2493881.65,397820.33,437153.14,2066665.48,24.6,16.95,2.97,14.05,15.95
5,Saturday,12,165805,4200696.36,2920283.31,461087.01,497546.59,2506395.95,25.34,17.61,3.0,15.12,15.79
5,Saturday,13,179381,4703304.42,3296449.98,514080.42,542805.16,2879706.72,26.22,18.38,3.03,16.05,15.59
5,Saturday,14,180682,4995103.25,3522257.88,548355.71,597274.97,3045239.38,27.65,19.49,3.31,16.85,15.57
5,Saturday,15,188811,5241265.46,3704609.5,577719.24,630732.37,3256200.72,27.76,19.62,3.34,17.25,15.59
5,Saturday,16,203553,5573959.52,3938278.71,614938.22,657218.01,3516690.27,27.38,19.35,3.23,17.28,15.61
5,Saturday,17,214419,5760631.7,4088202.12,608880.39,666465.54,3640664.5,26.87,19.07,3.11,16.98,14.89
5,Saturday,18,229472,5978410.43,4270769.79,593239.9,683971.82,3764220.4,26.05,18.61,2.98,16.4,13.89
5,Saturday,19,228848,5929744.0,4267144.56,555299.51,677489.73,3679001.23,25.91,18.65,2.96,16.08,13.01
5,Saturday,20,192379,5116828.58,3573781.28,489355.57,607544.64,2994522.9,26.6,18.58,3.16,15.57,13.69
5,Saturday,21,194923,5221138.88,3608089.65,530719.94,626979.84,3010244.62,26.79,18.51,3.22,15.44,14.71
5,Saturday,22,222338,5957451.06,4164184.69,574339.48,715295.19,3463029.55,26.79,18.73,3.22,15.58,13.79
5,Saturday,23,230792,6263824.55,4498576.69,523957.7,768611.72,3512503.7,27.14,19.49,3.33,15.22,11.65
6,Sunday,0,202549,5262071.65,3777449.86,412696.34,652438.14,2831799.48,25.98,18.65,3.22,13.98,10.93
6,Sunday,1,158624,3895687.93,2763865.68,299080.78,486233.53,2140645.42,24.56,17.42,3.07,13.5,10.82
6,Sunday,2,111000,2685842.93,1901829.08,202936.71,348565.6,1404353.17,24.2,17.13,3.14,12.65,10.67
6,Sunday,3,78806,1956244.61,1401962.24,143088.0,272104.85,997071.0,24.82,17.79,3.45,12.65,10.21
6,Sunday,4,49936,1415733.34,1066897.88,91934.15,212988.66,679350.1,28.35,21.37,4.27,13.6,8.62
6,Sunday,5,24910,857614.51,662375.7,58998.21,146005.15,384712.42,34.43,26.59,5.86,15.44,8.91
6,Sunday,6,30315,1024202.11,789700.94,77130.9,179700.42,456221.65,33.79,26.05,5.93,15.05,9.77
6,Sunday,7,40569,1315834.49,981499.98,116203.99,219317.05,587110.62,32.43,24.19,5.41,14.47,11.84
6,Sunday,8,58507,1681532.46,1215616.0,159143.94,258044.65,801548.87,28.74,20.78,4.41,13.7,13.09
6,Sunday,9,90992,2412050.08,1708264.91,237965.71,343503.37,1202104.8,26.51,18.77,3.78,13.21,13.93
6,Sunday,10,123931,3206133.63,2245208.08,324163.24,428494.91,1659540.18,25.87,18.12,3.46,13.39,14.44
6,Sunday,11,142938,3745674.09,2617278.74,390496.71,479099.42,2027893.47,26.2,18.31,3.35,14.19,14.92
6,Sunday,12,160896,4360827.41,3062072.92,459941.18,549073.22,2442600.62,27.1,19.03,3.41,15.18,15.02
6,Sunday,13,168818,4799314.59,3403044.15,505036.84,606683.14,2746620.23,28.43,20.16,3.59,16.27,14.84
6,Sunday,14,173075,5172975.4,3676162.79,557196.76,661927.97,3008061.67,29.89,21.24,3.82,17.38,15.16
6,Sunday,15,166180,5058860.11,3605558.22,550168.14,658819.96,2966096.55,30.44,21.7,3.96,17.85,15.26
6,Sunday,16,169626,5152814.92,3655593.81,574043.39,668865.15,3031727.83,30.38,21.55,3.94,17.87,15.7
6,Sunday,17,176644,5125674.99,3642492.9,548750.56,654277.63,2998718.57,29.02,20.62,3.7,16.98,15.07
6,Sunday,18,173035,4852915.26,3441815.81,506552.21,628006.53,2750923.8,28.05,19.89,3.63,15.9,14.72
6,Sunday,19,146822,4225890.94,2997715.57,449743.4,580460.43,2302428.42,28.78,20.42,3.95,15.68,15.0
6,Sunday,20,135344,4046078.96,2812167.44,426712.87,559625.77,2104003.67,29.89,20.78,4.13,15.55,15.17
6,Sunday,21,131376,4050413.47,2828920.2,421434.5,576113.78,2039850.85,30.83,21.53,4.39,15.53,14.9
6,Sunday,22,114673,3718346.7,2676582.39,353521.08,557070.72,1808575.23,32.43,23.34,4.86,15.77,13.21
6,Sunday,23,83108,2904748.21,2123090.83,266717.05,464864.62,1309199.93,34.95,25.55,5.59,15.75,12.56
