PULocationID,trip_count,gross_booking_value_usd,fare_revenue_usd,tips_usd,total_trip_distance_miles,total_trip_duration_min,avg_total_amount_usd,avg_fare_amount_usd,avg_trip_distance_miles,avg_trip_duration_min,tip_share_pct,pickup_borough,pickup_zone
237,997406,20786599.0,12971180.22,2632651.25,1779519.5,11759521.52,20.84,13.0,1.78,11.79,20.3,Manhattan,Upper East Side South
161,985881,24941990.31,15941736.94,3112387.8,2281671.37,14696724.53,25.3,16.17,2.31,14.91,19.52,Manhattan,Midtown Center
236,891631,18910241.47,12123671.21,2349057.79,1760803.22,10784167.77,21.21,13.6,1.97,12.09,19.38,Manhattan,Upper East Side North
132,877452,72452940.08,55941330.22,8383422.87,13878681.49,38286998.75,82.57,63.75,15.82,43.63,14.99,Queens,JFK Airport
230,713597,20111658.07,13271428.37,2383818.75,2120466.83,11499353.57,28.18,18.6,2.97,16.11,17.96,Manhattan,Times Sq/Theatre District
186,702566,17651621.19,11533975.42,2185981.07,1608699.38,10996823.78,25.12,16.42,2.29,15.65,18.95,Manhattan,Penn Station/Madison Sq West
162,697987,17213167.62,10909683.9,2186703.65,1595261.02,9913908.72,24.66,15.63,2.29,14.2,20.04,Manhattan,Midtown East
142,648741,14526729.2,9311237.34,1794992.19,1418269.15,8185444.53,22.39,14.35,2.19,12.62,19.28,Manhattan,Lincoln Square East
138,600083,41402697.01,26375810.85,5618236.08,5815857.39,18063240.3,68.99,43.95,9.69,30.1,21.3,Queens,LaGuardia Airport
234,598855,13753487.07,8761186.98,1596822.92,1250980.07,8005848.93,22.97,14.63,2.09,13.37,18.23,Manhattan,Union Sq
170,588558,14174586.27,9126434.65,1652487.31,1337168.26,8163549.5,24.08,15.51,2.27,13.87,18.11,Manhattan,Murray Hill
163,580416,14687210.32,9441397.56,1823318.04,1398470.17,8494279.58,25.3,16.27,2.41,14.63,19.31,Manhattan,Midtown North
68,566454,14577767.27,9641997.97,1695397.23,1427002.4,8908813.42,25.74,17.02,2.52,15.73,17.58,Manhattan,East Chelsea
239,562946,12456817.74,8124537.94,1499972.32,1256261.38,7002195.52,22.13,14.43,2.23,12.44,18.46,Manhattan,Upper West Side South
79,548672,12760712.88,8525915.32,1245156.98,1340404.33,7230628.78,23.26,15.54,2.44,13.18,14.6,Manhattan,East Village
48,527505,12779618.45,8379311.1,1404977.39,1335666.71,7100075.35,24.23,15.88,2.53,13.46,16.77,Manhattan,Clinton East
249,497987,11507832.14,7511137.2,1261628.48,1117454.19,6682629.52,23.11,15.08,2.24,13.42,16.8,Manhattan,West Village
141,474088,9963825.8,6408789.07,1142541.85,948482.14,5637564.32,21.02,13.52,2.0,11.89,17.83,Manhattan,Lenox Hill West
164,468298,11559110.27,7496686.45,1293772.41,1126608.24,6590388.8,24.68,16.01,2.41,14.07,17.26,Manhattan,Midtown South
107,423005,9677070.11,6249256.45,1068897.72,936208.14,5501154.5,22.88,14.77,2.21,13.0,17.1,Manhattan,Gramercy
140,418916,9754213.18,6526632.88,1101611.14,1019985.05,5835790.78,23.28,15.58,2.43,13.93,16.88,Manhattan,Lenox Hill East
238,396787,8678812.94,5818209.53,987251.43,923467.84,4947507.03,21.87,14.66,2.33,12.47,16.97,Manhattan,Upper West Side North
263,393010,8440158.45,5547253.24,926608.35,901762.2,4631714.27,21.48,14.11,2.29,11.79,16.7,Manhattan,Yorkville West
246,388212,9639713.24,6380867.94,1056951.16,939001.32,5771657.47,24.83,16.44,2.42,14.87,16.56,Manhattan,West Chelsea/Hudson Yards
229,347361,7965796.34,5097040.44,942936.62,734148.43,4621831.03,22.93,14.67,2.11,13.31,18.5,Manhattan,Sutton Place/Turtle Bay North
90,340324,7790161.51,4999473.67,876755.4,734798.88,4460128.55,22.89,14.69,2.16,13.11,17.54,Manhattan,Flatiron
114,331282,7739903.89,5075904.17,835258.4,765025.32,4489085.38,23.36,15.32,2.31,13.55,16.46,Manhattan,Greenwich Village South
113,313474,7179268.83,4630734.07,819550.05,666239.74,4212180.27,22.9,14.77,2.13,13.44,17.7,Manhattan,Greenwich Village North
100,307489,7687843.82,5042154.07,850310.85,745102.95,4532898.27,25.0,16.4,2.42,14.74,16.86,Manhattan,Garment District
231,301831,8188766.93,5635204.29,871202.28,935369.57,4907415.05,27.13,18.67,3.1,16.26,15.46,Manhattan,TriBeCa/Civic Center
43,296882,6897681.48,4494042.26,875627.53,649465.25,4135905.52,23.23,15.14,2.19,13.93,19.48,Manhattan,Central Park
262,288370,6498119.44,4360287.96,706046.71,720186.83,3615042.82,22.53,15.12,2.5,12.54,16.19,Manhattan,Yorkville East
148,262463,6771209.62,4731164.37,609790.33,788024.61,3906873.4,25.8,18.03,3.0,14.89,12.89,Manhattan,Lower East Side
144,241608,5955379.65,4051590.94,583776.83,611058.25,3634234.58,24.65,16.77,2.53,15.04,14.41,Manhattan,Little Italy/NoLiTa
143,240691,5291429.06,3541336.6,545039.21,547812.05,3053972.72,21.98,14.71,2.28,12.69,15.39,Manhattan,Lincoln Square West
233,234378,5933869.52,3911117.66,638551.93,621565.63,3319593.15,25.32,16.69,2.65,14.16,16.33,Manhattan,UN/Turtle Bay South
137,233293,5374799.2,3582222.92,505542.53,570638.13,3168013.15,23.04,15.36,2.45,13.58,14.11,Manhattan,Kips Bay
158,227193,5695944.9,3845375.58,588698.44,590099.88,3411202.0,25.07,16.93,2.6,15.01,15.31,Manhattan,Meatpacking/West Village West
211,187463,4632365.55,3124451.95,480650.05,458008.27,2852753.42,24.71,16.67,2.44,15.22,15.38,Manhattan,SoHo
151,167088,3630774.17,2592909.04,376088.32,424004.76,2202662.23,21.73,15.52,2.54,13.18,14.5,Manhattan,Manhattan Valley
75,149902,3373777.01,2551569.35,243371.42,440371.23,2251549.7,22.51,17.02,2.94,15.02,9.54,Manhattan,East Harlem South
50,136918,3266530.88,2250296.21,279376.54,364457.05,1893876.4,23.86,16.44,2.66,13.83,12.42,Manhattan,Clinton West
87,136437,4231975.17,3071210.68,395498.66,577899.18,2508077.35,31.02,22.51,4.24,18.38,12.88,Manhattan,Financial District North
13,133895,4318592.77,3043684.18,489360.94,580599.04,2416215.27,32.25,22.73,4.34,18.05,16.08,Manhattan,Battery Park City
166,117871,2822818.94,2140712.93,241031.19,366875.94,1848242.45,23.95,18.16,3.11,15.68,11.26,Manhattan,Morningside Heights
125,112225,2826342.0,1894837.76,307600.5,294134.61,1669015.57,25.18,16.88,2.62,14.87,16.23,Manhattan,Hudson Sq
261,107283,3447568.19,2463087.4,367173.67,442244.25,2110820.72,32.14,22.96,4.12,19.68,14.91,Manhattan,World Trade Center
41,84303,1905165.04,1548020.82,86890.94,273184.84,1358579.43,22.6,18.36,3.24,16.12,5.61,Manhattan,Central Harlem
74,74694,1759440.68,1445059.82,62562.2,266992.38,1238425.37,23.56,19.35,3.57,16.58,4.33,Manhattan,East Harlem North
88,67750,2219853.9,1631489.67,207229.06,316445.79,1339834.48,32.77,24.08,4.67,19.78,12.7,Manhattan,Financial District South
70,63872,4206405.4,2744947.85,548875.56,604542.2,1860561.3,65.86,42.98,9.46,29.13,20.0,Queens,East Elmhurst
4,60825,1481834.31,1094056.7,77452.82,182262.29,916418.78,24.36,17.99,3.0,15.07,7.08,Manhattan,Alphabet City
24,56976,1306133.3,963842.14,122543.45,161204.62,818768.27,22.92,16.92,2.83,14.37,12.71,Manhattan,Bloomingdale
42,53771,1350162.33,1170069.51,20197.65,233916.43,1051456.65,25.11,21.76,4.35,19.55,1.73,Manhattan,Central Harlem North
232,48118,1323437.33,1019367.43,63672.3,181757.52,852601.53,27.5,21.18,3.78,17.72,6.25,Manhattan,Two Bridges/Seward Park
209,44911,1340404.96,974387.47,119905.21,182662.02,802998.35,29.85,21.7,4.07,17.88,12.31,Manhattan,Seaport
45,42055,1194492.36,879258.29,91812.87,150974.12,774826.03,28.4,20.91,3.59,18.42,10.44,Manhattan,Chinatown
224,40881,959720.25,691177.72,57103.25,110482.89,582360.72,23.48,16.91,2.7,14.25,8.26,Manhattan,Stuy Town/Peter Cooper Village
264,40118,1242044.3,843779.37,159863.53,155636.52,682987.35,30.96,21.03,3.88,17.02,18.95,Unknown,
244,35586,1021967.34,877297.64,27329.95,189402.79,715494.07,28.72,24.65,5.32,20.11,3.12,Manhattan,Washington Heights South
255,35521,1044096.7,886345.07,29412.84,164472.98,729800.47,29.39,24.95,4.63,20.55,3.32,Brooklyn,Williamsburg (North Side)
7,35229,1006732.32,874393.79,17595.13,180230.75,723071.6,28.58,24.82,5.12,20.52,2.01,Queens,Astoria
116,33912,880746.08,751637.29,23690.25,149910.99,629850.83,25.97,22.16,4.42,18.57,3.15,Manhattan,Hamilton Heights
226,33723,1230406.92,1041264.2,71000.49,179943.24,726940.58,36.49,30.88,5.34,21.56,6.82,Queens,Sunnyside
61,32033,921646.65,849422.15,6806.01,158215.3,856640.43,28.77,26.52,4.94,26.74,0.8,Brooklyn,Crown Heights North
145,31729,1144510.1,959114.79,53231.62,174023.48,687664.67,36.07,30.23,5.48,21.67,5.55,Queens,Long Island City/Hunters Point
256,28046,826756.43,714138.27,20531.85,131093.52,586542.82,29.48,25.46,4.67,20.91,2.88,Brooklyn,Williamsburg (South Side)
76,24687,715726.1,667294.35,1505.88,144972.32,704273.02,28.99,27.03,5.87,28.53,0.23,Brooklyn,East New York
65,23897,749489.01,638968.5,32697.56,122717.12,544600.95,31.36,26.74,5.14,22.79,5.12,Brooklyn,Downtown Brooklyn/MetroTech
37,23838,730050.17,652256.97,5997.67,126434.93,596371.73,30.63,27.36,5.3,25.02,0.92,Brooklyn,Bushwick South
152,23630,581299.83,484167.88,19974.36,92649.58,400974.23,24.6,20.49,3.92,16.97,4.13,Manhattan,Manhattanville
97,23546,696830.76,608923.03,21289.0,115993.54,549807.58,29.59,25.86,4.93,23.35,3.5,Brooklyn,Fort Greene
112,22758,667762.64,565589.64,13401.6,105158.54,474528.02,29.34,24.85,4.62,20.85,2.37,Brooklyn,Greenpoint
33,22505,719551.31,610186.8,32384.13,118698.52,533658.08,31.97,27.11,5.27,23.71,5.31,Brooklyn,Brooklyn Heights
80,22256,688474.47,596681.38,15192.96,115984.81,472307.37,30.93,26.81,5.21,21.22,2.55,Brooklyn,East Williamsburg
130,21864,701646.86,627103.98,15961.06,145938.05,496913.05,32.09,28.68,6.67,22.73,2.55,Queens,Jamaica
25,21431,650553.05,569108.59,21005.25,108912.26,517988.02,30.36,26.56,5.08,24.17,3.69,Brooklyn,Boerum Hill
181,21296,643607.75,565872.73,16234.15,106255.85,528637.4,30.22,26.57,4.99,24.82,2.87,Brooklyn,Park Slope
66,21194,666988.98,562204.78,27466.82,108267.88,458908.57,31.47,26.53,5.11,21.65,4.89,Brooklyn,DUMBO/Vinegar Hill
129,20410,631348.92,541519.51,19668.16,108066.67,411070.82,30.93,26.53,5.29,20.14,3.63,Queens,Jackson Heights
188,19563,563247.97,518707.2,3079.42,96810.51,545351.82,28.79,26.51,4.95,27.88,0.59,Brooklyn,Prospect-Lefferts Gardens
89,18433,557599.58,508746.82,2029.57,101618.73,529202.9,30.25,27.6,5.51,28.71,0.4,Brooklyn,Flatbush/Ditmas Park
225,18265,549369.39,501572.26,3411.95,92645.99,510212.43,30.08,27.46,5.07,27.93,0.68,Brooklyn,Stuyvesant Heights
17,17585,502799.37,455726.75,4544.58,83120.41,436316.75,28.59,25.92,4.73,24.81,1.0,Brooklyn,Bedford
146,16853,486786.46,406806.77,19859.03,73799.79,328604.77,28.88,24.14,4.38,19.5,4.88,Queens,Long Island City/Queens Plaza
36,16084,484921.7,430396.65,5000.19,85556.52,370797.6,30.15,26.76,5.32,23.05,1.16,Brooklyn,Bushwick North
39,16009,463494.97,434393.82,1023.68,90945.23,462148.25,28.95,27.13,5.68,28.87,0.24,Brooklyn,Canarsie
216,15189,565004.3,500309.84,26546.87,90516.28,329589.53,37.2,32.94,5.96,21.7,5.31,Queens,South Ozone Park
197,14952,475815.08,429488.39,10178.36,88684.57,360563.85,31.82,28.72,5.93,24.11,2.37,Queens,Richmond Hill
82,14861,429251.8,378406.96,8403.94,76345.09,307724.38,28.88,25.46,5.14,20.71,2.22,Queens,Elmhurst
49,14657,434178.08,388854.74,6866.92,71664.32,377856.52,29.62,26.53,4.89,25.78,1.77,Brooklyn,Clinton Hill
243,14481,441022.28,386490.8,7506.62,88196.44,310859.87,30.46,26.69,6.09,21.47,1.94,Manhattan,Washington Heights North
168,14400,408423.27,363244.97,1942.17,80290.88,310981.12,28.36,25.23,5.58,21.6,0.53,Bronx,Mott Haven/Port Morris
260,14253,428476.5,366120.54,16811.43,69275.65,270661.53,30.06,25.69,4.86,18.99,4.59,Queens,Woodside
35,13707,385209.76,360343.54,232.38,73035.1,390569.03,28.1,26.29,5.33,28.49,0.06,Brooklyn,Brownsville
179,13086,395216.56,342133.9,6699.55,69500.2,295237.38,30.2,26.15,5.31,22.56,1.96,Queens,Old Astoria
72,12927,348766.98,326161.3,363.81,62555.56,350131.18,26.98,25.23,4.84,27.09,0.11,Brooklyn,East Flatbush/Remsen Village
95,12122,370593.6,330304.82,5250.34,72699.06,282199.27,30.57,27.25,6.0,23.28,1.59,Queens,Forest Hills
177,11612,343880.64,317979.61,889.6,63909.44,317591.57,29.61,27.38,5.5,27.35,0.28,Brooklyn,Ocean Hill
91,11195,310213.28,290126.29,305.13,59277.89,324161.22,27.71,25.92,5.3,28.96,0.11,Brooklyn,Flatlands
223,11011,418844.96,345790.98,22039.36,67044.89,232578.68,38.04,31.4,6.09,21.12,6.37,Queens,Steinway
71,10835,297474.52,277057.57,312.19,52982.35,301351.92,27.45,25.57,4.89,27.81,0.11,Brooklyn,East Flatbush/Farragut
10,9842,553003.96,462372.18,44072.98,95884.68,326370.42,56.19,46.98,9.74,33.16,9.53,Queens,Baisley Park
157,9650,350341.82,296895.82,17299.15,54873.49,192295.73,36.3,30.77,5.69,19.93,5.83,Queens,Maspeth
198,9606,270806.36,243194.85,1706.0,47942.42,220349.22,28.19,25.32,4.99,22.94,0.7,Queens,Ridgewood
62,9430,268986.26,248372.56,2137.64,45917.0,259640.38,28.52,26.34,4.87,27.53,0.86,Brooklyn,Crown Heights South
247,9095,278008.08,246168.68,3873.38,53572.7,210884.87,30.57,27.07,5.89,23.19,1.57,Bronx,West Concourse
228,8941,304234.3,270738.35,4028.12,58613.05,242642.37,34.03,30.28,6.56,27.14,1.49,Brooklyn,Sunset Park West
215,8351,334424.47,292136.41,14893.53,63187.54,236943.8,40.05,34.98,7.57,28.37,5.1,Queens,South Jamaica
189,8069,246056.7,219156.06,6260.61,39765.14,203365.72,30.49,27.16,4.93,25.2,2.86,Brooklyn,Prospect Heights
193,8018,240032.07,207661.87,4767.68,40417.61,183877.6,29.94,25.9,5.04,22.93,2.3,Queens,Queensbridge/Ravenswood
85,7964,232760.89,214863.11,638.9,41368.78,221320.95,29.23,26.98,5.19,27.79,0.3,Brooklyn,Erasmus
14,7766,254950.38,229278.06,2139.52,55690.72,225847.77,32.83,29.52,7.17,29.08,0.93,Brooklyn,Bay Ridge
69,7463,216189.54,196729.49,458.98,42612.27,203828.07,28.97,26.36,5.71,27.31,0.23,Bronx,East Concourse/Concourse Village
12,7164,236877.23,174288.72,24085.69,31107.43,147963.68,33.06,24.33,4.34,20.65,13.82,Manhattan,Battery Park
258,7012,205612.56,188751.87,561.49,42019.26,170414.28,29.32,26.92,5.99,24.3,0.3,Queens,Woodhaven
159,6989,192875.41,174105.59,392.17,36318.17,174567.53,27.6,24.91,5.2,24.98,0.23,Bronx,Melrose South
195,6980,322781.58,272892.26,15238.61,57654.96,200747.83,46.24,39.1,8.26,28.76,5.58,Brooklyn,Red Hook
63,6933,202008.08,187076.48,449.71,40719.06,178667.72,29.14,26.98,5.87,25.77,0.24,Brooklyn,Cypress Hills
52,6901,212374.76,176723.91,10933.84,33348.99,155753.0,30.77,25.61,4.83,22.57,6.19,Brooklyn,Cobble Hill
40,6747,213528.26,176044.42,7075.1,34178.23,149372.42,31.65,26.09,5.07,22.14,4.02,Brooklyn,Carroll Gardens
127,6530,197183.07,176581.0,1925.04,43042.0,149167.25,30.2,27.04,6.59,22.84,1.09,Manhattan,Inwood
77,6435,183491.39,171057.38,167.68,36589.32,180045.87,28.51,26.58,5.69,27.98,0.1,Brooklyn,East New York/Pennsylvania Avenue
205,6329,208463.45,193552.24,175.23,48265.39,200542.42,32.94,30.58,7.63,31.69,0.09,Queens,Saint Albans
213,6209,194540.42,173665.23,698.8,42543.76,168705.65,31.33,27.97,6.85,27.17,0.4,Bronx,Soundview/Castle Hill
28,5991,218018.49,191093.98,7651.13,42389.73,141581.78,36.39,31.9,7.08,23.63,4.0,Queens,Briarwood/Jamaica Hills
92,5805,180859.73,162431.03,1017.9,40513.76,138366.68,31.16,27.98,6.98,23.84,0.63,Queens,Flushing
196,5672,192337.01,169100.37,5640.39,33583.73,132652.52,33.91,29.81,5.92,23.39,3.34,Queens,Rego Park
56,5607,194169.75,170237.67,4198.61,36868.84,140036.33,34.63,30.36,6.58,24.98,2.47,Queens,Corona
26,5598,141665.9,130285.51,321.47,24232.12,147538.03,25.31,23.27,4.33,26.36,0.25,Brooklyn,Borough Park
254,5577,185853.49,170880.87,124.38,43398.02,173585.62,33.32,30.64,7.78,31.13,0.07,Bronx,Williamsbridge/Olinville
83,5522,178044.3,153773.65,5766.16,29131.58,109583.03,32.24,27.85,5.28,19.84,3.75,Queens,Elmhurst/Maspeth
55,5432,211552.67,199573.78,801.99,51727.75,231078.2,38.95,36.74,9.52,42.54,0.4,Brooklyn,Coney Island
169,5306,146423.59,132922.13,199.93,30296.03,132290.35,27.6,25.05,5.71,24.93,0.15,Bronx,Mount Hope
167,5288,149931.24,135539.01,382.92,28932.18,143288.27,28.35,25.63,5.47,27.1,0.28,Bronx,Morrisania/Melrose
134,5268,216265.82,189944.42,11776.65,31756.03,112184.32,41.05,36.06,6.03,21.3,6.2,Queens,Kew Gardens
51,5260,198662.28,182960.12,126.89,48768.39,195580.53,37.77,34.78,9.27,37.18,0.07,Bronx,Co-Op City
106,5175,158727.13,139796.28,2432.01,27413.72,123731.68,30.67,27.01,5.3,23.91,1.74,Brooklyn,Gowanus
182,5126,177445.29,159063.89,257.63,38498.17,163061.57,34.62,31.03,7.51,31.81,0.16,Bronx,Parkchester
219,4962,282176.72,243330.5,18153.13,54437.32,170548.87,56.87,49.04,10.97,34.37,7.46,Queens,Springfield Gardens South
155,4952,143427.98,134320.9,667.81,27698.05,141894.0,28.96,27.12,5.59,28.65,0.5,Brooklyn,Marine Park/Mill Basin
235,4930,145019.0,132483.97,201.03,30958.26,135947.1,29.42,26.87,6.28,27.58,0.15,Bronx,University Heights/Morris Heights
93,4680,308780.66,253794.43,27830.64,42100.74,111703.78,65.98,54.23,9.0,23.87,10.97,Queens,Flushing Meadows-Corona Park
191,4676,153509.07,142220.34,524.31,38190.72,130848.75,32.83,30.41,8.17,27.98,0.37,Queens,Queens Village
165,4555,121721.07,112734.03,370.29,22274.09,133135.15,26.72,24.75,4.89,29.23,0.33,Brooklyn,Midwood
133,4421,138926.76,123074.9,696.66,25429.61,118937.05,31.42,27.84,5.75,26.9,0.57,Brooklyn,Kensington
218,4387,151551.61,141540.59,394.31,34996.85,146766.13,34.55,32.26,7.98,33.45,0.28,Queens,Springfield Gardens North
78,4346,128431.39,115401.13,236.37,26967.68,120211.03,29.55,26.55,6.21,27.66,0.2,Bronx,East Tremont
119,4205,135607.14,120939.92,1677.96,27263.49,109519.7,32.25,28.76,6.48,26.05,1.39,Bronx,Highbridge
18,4180,125360.35,114303.42,104.21,27040.66,112673.37,29.99,27.35,6.47,26.96,0.09,Bronx,Bedford Park
212,4146,130407.7,114304.12,173.77,28328.55,103826.47,31.45,27.57,6.83,25.04,0.15,Bronx,Soundview/Bruckner
222,4103,132719.54,125341.97,233.4,28183.22,148206.92,32.35,30.55,6.87,36.12,0.19,Brooklyn,Starrett City
210,4065,126800.4,118314.63,523.26,26885.37,131705.17,31.19,29.11,6.61,32.4,0.44,Brooklyn,Sheepshead Bay
160,3934,122222.47,107402.01,3711.5,21178.69,85205.07,31.07,27.3,5.38,21.66,3.46,Queens,Middle Village
250,3738,118170.33,104960.52,284.81,25340.14,99664.05,31.61,28.08,6.78,26.66,0.27,Bronx,Westchester Village/Unionport
22,3726,101993.78,93684.75,315.5,20194.29,100660.8,27.37,25.14,5.42,27.02,0.34,Brooklyn,Bensonhurst West
241,3634,116825.44,107304.35,254.43,25673.34,109835.13,32.15,29.53,7.06,30.22,0.24,Bronx,Van Cortlandt Village
248,3621,113517.95,100698.58,106.79,24914.58,96215.62,31.35,27.81,6.88,26.57,0.11,Bronx,West Farms/Bronx River
47,3607,105334.42,95995.5,170.43,22134.55,100380.82,29.2,26.61,6.14,27.83,0.18,Bronx,Claremont/Bathgate
126,3587,105356.47,93857.11,324.36,20929.09,88666.77,29.37,26.17,5.83,24.72,0.35,Bronx,Hunts Point
173,3579,97021.09,87384.16,364.58,19878.27,76046.12,27.11,24.42,5.55,21.25,0.42,Queens,North Corona
86,3561,164318.87,155676.5,150.45,41751.13,175333.67,46.14,43.72,11.72,49.24,0.1,Queens,Far Rockaway
242,3487,107018.22,96188.65,279.36,22689.32,102221.2,30.69,27.58,6.51,29.31,0.29,Bronx,Van Nest/Morris Park
217,3476,101745.33,91814.87,1378.14,16552.98,82585.67,29.27,26.41,4.76,23.76,1.5,Brooklyn,South Williamsburg
123,3420,88432.01,81591.81,269.4,17174.8,94292.3,25.86,23.86,5.02,27.57,0.33,Brooklyn,Homecrest
102,3418,93039.4,84220.66,841.59,17850.38,75210.57,27.22,24.64,5.22,22.0,1.0,Queens,Glendale
174,3347,108751.76,99302.65,117.47,24656.1,102054.37,32.49,29.67,7.37,30.49,0.12,Bronx,Norwood
121,3289,101489.23,92024.8,896.89,22478.17,87224.98,30.86,27.98,6.83,26.52,0.97,Queens,Hillcrest/Pomonok
131,3286,106755.32,97492.82,392.74,25125.88,91247.92,32.49,29.67,7.65,27.77,0.4,Queens,Jamaica Estates
117,3283,156948.44,146460.24,104.4,38540.11,159610.48,47.81,44.61,11.74,48.62,0.07,Queens,Hammels/Arverne
259,3243,112097.53,103318.53,146.01,26852.64,96529.82,34.57,31.86,8.28,29.77,0.14,Bronx,Woodlawn/Wakefield
180,3200,93221.42,84479.43,1206.73,18298.59,71058.2,29.13,26.4,5.72,22.21,1.43,Queens,Ozone Park
227,3168,97069.78,88458.56,488.11,18432.77,90679.5,30.64,27.92,5.82,28.62,0.55,Brooklyn,Sunset Park East
220,3111,103913.42,92696.44,983.87,22812.45,84400.03,33.4,29.8,7.33,27.13,1.06,Bronx,Spuyten Duyvil/Kingsbridge
81,2958,101809.16,93408.38,130.61,24383.88,93543.77,34.42,31.58,8.24,31.62,0.14,Bronx,Eastchester
60,2915,86906.97,77488.94,110.33,18235.76,77871.63,29.81,26.58,6.26,26.71,0.14,Bronx,Crotona Park East
208,2907,96892.91,86036.67,627.79,22037.37,74999.85,33.33,29.6,7.58,25.8,0.73,Bronx,Schuylerville/Edgewater Park
147,2894,82301.11,73785.75,185.34,15926.44,73950.8,28.44,25.5,5.5,25.55,0.25,Bronx,Longwood
34,2818,91577.53,79660.63,2413.2,15236.95,58912.33,32.5,28.27,5.41,20.91,3.03,Brooklyn,Brooklyn Navy Yard
124,2799,98175.26,88783.52,2409.52,19726.0,70297.28,35.08,31.72,7.05,25.12,2.71,Queens,Howard Beach
135,2772,87635.44,78904.86,817.75,19070.36,72395.65,31.61,28.46,6.88,26.12,1.04,Queens,Kew Gardens Hills
136,2770,86265.09,79208.78,287.1,18937.06,83534.45,31.14,28.6,6.84,30.16,0.36,Bronx,Kingsbridge Heights
21,2653,73062.45,67739.8,292.46,14654.83,74880.07,27.54,25.53,5.52,28.22,0.43,Brooklyn,Bensonhurst East
257,2530,87600.02,75579.03,1149.8,16292.66,68662.08,34.62,29.87,6.44,27.14,1.52,Brooklyn,Windsor Terrace
149,2525,68186.01,62994.68,198.91,13365.19,73275.82,27.0,24.95,5.29,29.02,0.32,Brooklyn,Madison
265,2460,225331.09,188999.89,20547.37,24974.63,53988.18,91.6,76.83,10.15,21.95,10.87,,Outside of NYC
32,2427,81257.08,73420.3,116.33,18243.96,75545.27,33.48,30.25,7.52,31.13,0.16,Bronx,Bronxdale
29,2392,77991.35,72601.26,276.15,17596.49,82167.97,32.61,30.35,7.36,34.35,0.38,Brooklyn,Brighton Beach
139,2369,89357.78,83333.13,168.32,21983.85,84921.7,37.72,35.18,9.28,35.85,0.2,Queens,Laurelton
20,2310,70090.15,62898.51,555.06,14648.76,65351.67,30.34,27.23,6.34,28.29,0.88,Bronx,Belmont
185,2174,68488.43,62090.71,122.11,14971.88,64276.58,31.5,28.56,6.89,29.57,0.2,Bronx,Pelham Parkway
108,2168,70913.77,66567.37,153.23,15859.08,75470.2,32.71,30.7,7.32,34.81,0.23,Brooklyn,Gravesend
94,2167,60972.16,55622.36,35.46,12643.72,57113.85,28.14,25.67,5.83,26.36,0.06,Bronx,Fordham South
122,2145,67840.42,62681.86,38.05,15962.81,59348.95,31.63,29.22,7.44,27.67,0.06,Queens,Hollis
203,2128,83471.1,77828.89,701.19,20394.0,72428.93,39.23,36.57,9.58,34.04,0.9,Queens,Rosedale
67,2007,60422.56,54148.65,260.41,12056.93,51705.08,30.11,26.98,6.01,25.76,0.48,Brooklyn,Dyker Heights
3,1954,64940.71,59142.85,149.16,14794.83,59178.65,33.23,30.27,7.57,30.29,0.25,Bronx,Allerton/Pelham Gardens
38,1842,78319.51,72906.43,753.43,18910.14,71697.73,42.52,39.58,10.27,38.92,1.03,Queens,Cambria Heights
19,1811,63543.85,58607.56,534.85,16111.89,46834.05,35.09,32.36,8.9,25.86,0.91,Queens,Bellerose
54,1764,59792.22,49996.38,1766.66,10228.67,40535.13,33.9,28.34,5.8,22.98,3.53,Brooklyn,Columbia Street
202,1759,62973.77,54477.45,1849.39,10589.95,51270.47,35.8,30.97,6.02,29.15,3.39,Manhattan,Roosevelt Island
53,1730,58777.76,51209.38,1600.94,12658.3,42397.62,33.98,29.6,7.32,24.51,3.13,Queens,College Point
200,1700,64652.35,57086.79,479.79,14804.11,52279.33,38.03,33.58,8.71,30.75,0.84,Bronx,Riverdale/North Riverdale/Fieldston
171,1588,47227.82,42886.66,111.33,10809.51,40906.53,29.74,27.01,6.81,25.76,0.26,Queens,Murray Hill-Queens
190,1580,47576.83,42070.11,1180.67,7546.52,39612.0,30.11,26.63,4.78,25.07,2.81,Brooklyn,Prospect Park
252,1424,45849.57,41052.21,374.24,10784.5,33333.0,32.2,28.83,7.57,23.41,0.91,Queens,Whitestone
150,1405,46333.57,42860.8,401.36,10473.34,42659.37,32.98,30.51,7.45,30.36,0.94,Brooklyn,Manhattan Beach
16,1364,42002.24,38351.09,164.97,10201.78,33094.53,30.79,28.12,7.48,24.26,0.43,Queens,Bayside
11,1364,41524.14,38515.67,126.0,9207.94,37653.87,30.44,28.24,6.75,27.61,0.33,Brooklyn,Bath Beach
192,1310,39197.59,35424.17,444.77,8604.68,29943.12,29.92,27.04,6.57,22.86,1.26,Queens,Queensboro Hill
178,1262,33775.92,30547.11,226.79,6152.01,34529.18,26.76,24.21,4.87,27.36,0.74,Brooklyn,Ocean Parkway South
98,1180,35781.72,33052.25,157.26,8673.69,30163.7,30.32,28.01,7.35,25.56,0.48,Queens,Fresh Meadows
101,1171,43686.45,40427.24,293.37,11507.36,31738.37,37.31,34.52,9.83,27.1,0.73,Queens,Glen Oaks
183,1083,37973.26,34494.4,66.55,9150.47,33892.85,35.06,31.85,8.45,31.3,0.19,Bronx,Pelham Bay
201,1079,48493.95,44460.1,151.67,11361.19,43245.88,44.94,41.2,10.53,40.08,0.34,Queens,Rockaway Park
194,1025,57056.93,42483.94,4972.18,7196.12,22954.22,55.67,41.45,7.02,22.39,11.7,Manhattan,Randalls Island
175,949,32452.2,29742.59,165.14,8038.65,24851.05,34.2,31.34,8.47,26.19,0.56,Queens,Oakland Gardens
153,867,25088.45,22831.3,154.6,5474.51,20893.53,28.94,26.33,6.31,24.1,0.68,Manhattan,Marble Hill
9,778,22784.69,20503.75,508.63,5229.59,18560.67,29.29,26.35,6.72,23.86,2.48,Queens,Auburndale
73,742,20576.92,18644.23,100.69,4431.46,18847.63,27.73,25.13,5.97,25.4,0.54,Queens,East Flushing
15,685,24951.65,22526.42,156.43,5981.53,18049.6,36.43,32.89,8.73,26.35,0.69,Queens,Bay Terrace/Fort Totten
64,625,24254.07,21998.65,321.9,6207.94,16129.78,38.81,35.2,9.93,25.81,1.46,Queens,Douglaston
207,570,34296.03,27396.68,3827.61,3679.74,13375.6,60.17,48.06,6.46,23.47,13.97,Queens,Saint Michaels Cemetery/Woodside
240,514,17874.79,16107.07,222.98,3975.37,14258.25,34.78,31.34,7.73,27.74,1.38,Bronx,Van Cortlandt Park
6,504,15572.37,8611.1,167.42,3581.67,9250.8,30.9,17.09,7.11,18.35,1.94,Staten Island,Arrochar/Fort Wadsworth
31,489,18687.64,15998.59,619.93,3665.6,13177.93,38.22,32.72,7.5,26.95,3.87,Bronx,Bronx Park
128,433,14585.23,12825.41,267.41,3000.12,10104.63,33.68,29.62,6.93,23.34,2.09,Manhattan,Inwood Hill Park
96,387,13117.63,11697.66,350.83,2381.24,8300.08,33.9,30.23,6.15,21.45,3.0,Queens,Forest Park/Highland Park
57,362,11907.68,10683.79,144.42,2575.81,8377.53,32.89,29.51,7.12,23.14,1.35,Queens,Corona
154,358,15767.75,13323.8,1102.08,2882.76,8305.17,44.04,37.22,8.05,23.2,8.27,Brooklyn,Marine Park/Floyd Bennett Field
120,311,10432.41,9082.56,348.32,1796.21,5840.83,33.54,29.2,5.78,18.78,3.84,Manhattan,Highbridge Park
46,285,12313.18,11365.14,42.99,2979.06,10049.43,43.2,39.88,10.45,35.26,0.38,Bronx,City Island
221,283,12101.97,9940.01,63.27,2430.54,7485.63,42.76,35.12,8.59,26.45,0.64,Staten Island,Stapleton
58,257,9705.22,8699.29,44.36,2259.09,7418.67,37.76,33.85,8.79,28.87,0.51,Bronx,Country Club
184,207,8699.48,7767.09,174.7,1816.97,5589.75,42.03,37.52,8.78,27.0,2.25,Bronx,Pelham Bay Park
8,197,10342.52,8240.73,939.42,1201.87,4110.13,52.5,41.83,6.1,20.86,11.4,Queens,Astoria Park
214,168,6981.12,5475.8,101.17,1519.58,4028.38,41.55,32.59,9.05,23.98,1.85,Staten Island,South Beach/Dongan Hills
1,166,17366.91,13375.17,2045.79,2037.13,4942.97,104.62,80.57,12.27,29.78,15.3,EWR,Newark Airport
253,162,6938.9,6172.25,237.3,1388.58,3909.57,42.83,38.1,8.57,24.13,3.84,Queens,Willets Point
115,154,7339.24,6013.29,72.43,1396.0,4176.0,47.66,39.05,9.06,27.12,1.2,Staten Island,Grymes Hill/Clifton
23,133,7132.04,5702.01,229.58,1476.42,3762.4,53.62,42.87,11.1,28.29,4.03,Staten Island,Bloomfield/Emerson Hill
59,114,3052.13,2660.47,14.54,617.01,2503.12,26.77,23.34,5.41,21.96,0.55,Bronx,Crotona Park
118,105,5699.78,4555.89,106.86,1202.72,3327.97,54.28,43.39,11.45,31.69,2.35,Staten Island,Heartland Village/Todt Hill
27,100,4848.84,4330.25,51.7,1044.45,2977.45,48.49,43.3,10.44,29.77,1.19,Queens,Breezy Point/Fort Tilden/Riis Beach
30,95,3716.05,3445.37,17.08,780.93,2440.33,39.12,36.27,8.22,25.69,0.5,Queens,Broad Channel
172,87,4042.67,3317.08,145.59,852.11,2229.55,46.47,38.13,9.79,25.63,4.39,Staten Island,New Dorp/Midland Beach
251,69,4933.36,4085.72,75.33,915.23,2314.65,71.5,59.21,13.26,33.55,1.84,Staten Island,Westerleigh
206,65,3730.09,3108.89,61.16,760.98,2134.83,57.39,47.83,11.71,32.84,1.97,Staten Island,Saint George/New Brighton
111,54,1619.99,1394.35,61.18,291.36,1325.4,30.0,25.82,5.4,24.54,4.39,Brooklyn,Green-Wood Cemetery
156,53,2575.24,2038.65,0.0,631.84,1630.02,48.59,38.47,11.92,30.76,0.0,Staten Island,Mariners Harbor
245,38,2048.02,1689.08,5.1,426.47,1353.17,53.9,44.45,11.22,35.61,0.3,Staten Island,West Brighton
176,30,1524.59,1271.22,16.94,316.82,1010.47,50.82,42.37,10.56,33.68,1.33,Staten Island,Oakwood
109,26,1714.19,1446.48,2.0,384.19,1140.45,65.93,55.63,14.78,43.86,0.14,Staten Island,Great Kills
2,25,1749.94,1374.92,205.24,374.59,970.78,70.0,55.0,14.98,38.83,14.93,Queens,Jamaica Bay
187,19,1220.34,998.64,14.6,247.54,674.85,64.23,52.56,13.03,35.52,1.46,Staten Island,Port Richmond
44,10,826.27,666.05,0.0,182.36,344.3,82.63,66.6,18.24,34.43,0.0,Staten Island,Charleston/Tottenville
199,8,490.59,324.3,71.9,83.87,189.18,61.32,40.54,10.48,23.65,22.17,Bronx,Rikers Island
204,7,662.68,582.99,9.0,119.25,215.95,94.67,83.28,17.04,30.85,1.54,Staten Island,Rossville/Woodrow
84,6,442.78,390.22,9.3,83.16,259.95,73.8,65.04,13.86,43.32,2.38,Staten Island,Eltingville/Annadale/Prince's Bay
5,5,360.27,289.46,0.0,89.15,163.37,72.05,57.89,17.83,32.67,0.0,Staten Island,Arden Heights
105,1,90.69,70.0,9.0,13.3,28.7,90.69,70.0,13.3,28.7,12.86,Manhattan,Governor's Island/Ellis Island/Liberty Island
99,1,15.3,12.8,0.0,2.8,8.18,15.3,12.8,2.8,8.18,0.0,Staten Island,Freshkills Park
