PULocationID,DOLocationID,trip_count,gross_booking_value_usd,fare_revenue_usd,tips_usd,total_trip_distance_miles,total_trip_duration_min,avg_total_amount_usd,avg_fare_amount_usd,avg_trip_distance_miles,avg_trip_duration_min,tip_share_pct,pickup_borough,pickup_zone,dropoff_borough,dropoff_zone
237,236,146707,2306381.47,1284805.15,314338.58,152162.42,1068737.2,15.72,8.76,1.04,7.28,24.47,Manhattan,Upper East Side South,Manhattan,Upper East Side North
236,237,125516,2006570.83,1150809.1,267907.87,128702.58,987247.43,15.99,9.17,1.03,7.87,23.28,Manhattan,Upper East Side North,Manhattan,Upper East Side South
237,237,95920,1334516.25,686744.84,177614.7,62058.5,539226.22,13.91,7.16,0.65,5.62,25.86,Manhattan,Upper East Side South,Manhattan,Upper East Side South
236,236,93726,1229204.07,626846.41,166651.73,58364.01,459940.2,13.11,6.69,0.62,4.91,26.59,Manhattan,Upper East Side North,Manhattan,Upper East Side North
161,237,69598,1281019.76,718436.08,170645.27,73419.75,680548.67,18.41,10.32,1.05,9.78,23.75,Manhattan,Midtown Center,Manhattan,Upper East Side South
237,161,62760,1133212.59,655155.86,146192.56,65655.89,618674.5,18.06,10.44,1.05,9.86,22.31,Manhattan,Upper East Side South,Manhattan,Midtown Center
161,236,57924,1339217.58,826697.1,180509.95,110813.28,799020.88,23.12,14.27,1.91,13.79,21.84,Manhattan,Midtown Center,Manhattan,Upper East Side North
142,239,51501,778664.06,415240.64,107076.32,50547.99,316940.7,15.12,8.06,0.98,6.15,25.79,Manhattan,Lincoln Square East,Manhattan,Upper West Side South
239,238,50962,705644.37,369340.56,95969.91,42862.86,264440.7,13.85,7.25,0.84,5.19,25.98,Manhattan,Upper West Side South,Manhattan,Upper West Side North
237,162,49617,838944.67,464806.93,109995.7,48379.25,413167.88,16.91,9.37,0.98,8.33,23.66,Manhattan,Upper East Side South,Manhattan,Midtown East
239,142,49407,719470.9,386321.46,96949.05,43143.13,296569.3,14.56,7.82,0.87,6.0,25.1,Manhattan,Upper West Side South,Manhattan,Lincoln Square East
236,161,48326,1097820.22,711502.21,140447.51,91648.15,693775.58,22.72,14.72,1.9,14.36,19.74,Manhattan,Upper East Side North,Manhattan,Midtown Center
141,236,47448,739588.24,423171.06,95323.77,50769.61,366985.35,15.59,8.92,1.07,7.73,22.53,Manhattan,Lenox Hill West,Manhattan,Upper East Side North
186,230,45662,931601.88,571823.36,116693.04,47526.58,603446.17,20.4,12.52,1.04,13.22,20.41,Manhattan,Penn Station/Madison Sq West,Manhattan,Times Sq/Theatre District
236,141,44450,734072.05,430917.46,93360.31,49251.5,382271.77,16.51,9.69,1.11,8.6,21.67,Manhattan,Upper East Side North,Manhattan,Lenox Hill West
237,141,43799,638266.94,337929.58,82633.07,33188.93,280882.17,14.57,7.72,0.76,6.41,24.45,Manhattan,Upper East Side South,Manhattan,Lenox Hill West
238,239,42819,586339.16,308588.72,78154.88,34346.32,221318.42,13.69,7.21,0.8,5.17,25.33,Manhattan,Upper West Side North,Manhattan,Upper West Side South
162,237,41987,736936.11,403146.19,98128.6,42176.8,366934.33,17.55,9.6,1.0,8.74,24.34,Manhattan,Midtown East,Manhattan,Upper East Side South
236,239,41774,740001.96,443088.22,98701.31,59690.78,378893.37,17.71,10.61,1.43,9.07,22.28,Manhattan,Upper East Side North,Manhattan,Upper West Side South
161,234,40276,823805.62,491679.0,106164.95,57832.63,479799.12,20.45,12.21,1.44,11.91,21.59,Manhattan,Midtown Center,Manhattan,Union Sq
132,230,40067,3840791.76,2838675.73,434539.7,711942.63,2351134.65,95.86,70.85,17.77,58.68,15.31,Queens,JFK Airport,Manhattan,Times Sq/Theatre District
237,142,39894,731025.02,432630.83,96446.67,50369.34,398229.45,18.32,10.84,1.26,9.98,22.29,Manhattan,Upper East Side South,Manhattan,Lincoln Square East
142,237,39722,715276.76,427633.81,93723.27,52551.01,382189.65,18.01,10.77,1.32,9.62,21.92,Manhattan,Lincoln Square East,Manhattan,Upper East Side South
263,236,39526,527845.74,275419.79,69333.68,26815.01,213155.47,13.35,6.97,0.68,5.39,25.17,Manhattan,Yorkville West,Manhattan,Upper East Side North
186,161,39491,829288.82,514221.52,109908.2,49411.52,540197.7,21.0,13.02,1.25,13.68,21.37,Manhattan,Penn Station/Madison Sq West,Manhattan,Midtown Center
237,263,39205,641710.49,363205.83,84030.52,46533.93,312249.18,16.37,9.26,1.19,7.96,23.14,Manhattan,Upper East Side South,Manhattan,Yorkville West
142,238,39080,680111.51,395912.82,91401.56,58053.09,315691.65,17.4,10.13,1.49,8.08,23.09,Manhattan,Lincoln Square East,Manhattan,Upper West Side North
239,236,39036,707784.6,435610.01,91981.72,57464.39,377970.03,18.13,11.16,1.47,9.68,21.12,Manhattan,Upper West Side South,Manhattan,Upper East Side North
141,237,38709,557048.41,302399.38,70401.53,27890.9,253952.43,14.39,7.81,0.72,6.56,23.28,Manhattan,Lenox Hill West,Manhattan,Upper East Side South
132,265,38340,4898932.18,4091291.05,450277.69,799629.83,1675314.87,127.78,106.71,20.86,43.7,11.01,Queens,JFK Airport,,Outside of NYC
142,236,37944,814349.06,523338.23,107151.93,78463.66,468685.88,21.46,13.79,2.07,12.35,20.47,Manhattan,Lincoln Square East,Manhattan,Upper East Side North
140,236,37793,661676.56,401364.33,85059.72,48940.51,370805.03,17.51,10.62,1.29,9.81,21.19,Manhattan,Lenox Hill East,Manhattan,Upper East Side North
236,238,37474,661661.14,398968.98,86604.01,52660.74,344261.2,17.66,10.65,1.41,9.19,21.71,Manhattan,Upper East Side North,Manhattan,Upper West Side North
161,164,37041,662149.11,374345.09,81314.94,35742.1,356390.62,17.88,10.11,0.96,9.62,21.72,Manhattan,Midtown Center,Manhattan,Midtown South
138,230,36856,2897551.74,1808365.7,404438.94,370593.54,1411212.72,78.62,49.07,10.06,38.29,22.36,Queens,LaGuardia Airport,Manhattan,Times Sq/Theatre District
262,236,36387,533845.17,301362.48,67275.51,31785.74,254605.67,14.67,8.28,0.87,7.0,22.32,Manhattan,Yorkville East,Manhattan,Upper East Side North
236,142,36327,757919.58,485815.51,97545.83,69651.55,441829.65,20.86,13.37,1.92,12.16,20.08,Manhattan,Upper East Side North,Manhattan,Lincoln Square East
230,186,36215,661357.2,383570.06,79771.35,35230.95,374757.88,18.26,10.59,0.97,10.35,20.8,Manhattan,Times Sq/Theatre District,Manhattan,Penn Station/Madison Sq West
161,161,36195,570325.54,298502.86,71762.2,21382.54,258936.42,15.76,8.25,0.59,7.15,24.04,Manhattan,Midtown Center,Manhattan,Midtown Center
163,237,36159,623531.87,338918.85,82350.72,34576.37,307154.55,17.24,9.37,0.96,8.49,24.3,Manhattan,Midtown North,Manhattan,Upper East Side South
236,162,36039,764260.89,482326.87,98559.45,63723.87,453800.38,21.21,13.38,1.77,12.59,20.43,Manhattan,Upper East Side North,Manhattan,Midtown East
237,140,35680,564242.33,324986.05,70461.83,32378.28,297602.57,15.81,9.11,0.91,8.34,21.68,Manhattan,Upper East Side South,Manhattan,Lenox Hill East
48,68,35535,583940.1,319023.48,71791.98,40050.93,251720.77,16.43,8.98,1.13,7.08,22.5,Manhattan,Clinton East,Manhattan,East Chelsea
162,236,35525,775784.04,468469.15,104274.88,63268.37,444568.23,21.84,13.19,1.78,12.51,22.26,Manhattan,Midtown East,Manhattan,Upper East Side North
263,141,35199,497205.42,266051.7,64012.6,32902.4,196264.38,14.13,7.56,0.93,5.58,24.06,Manhattan,Yorkville West,Manhattan,Lenox Hill West
163,236,35119,750163.62,451925.74,100582.87,60712.41,422842.63,21.36,12.87,1.73,12.04,22.26,Manhattan,Midtown North,Manhattan,Upper East Side North
236,262,34563,523555.87,291144.67,68624.28,30625.31,251082.52,15.15,8.42,0.89,7.26,23.57,Manhattan,Upper East Side North,Manhattan,Yorkville East
236,263,34538,476678.96,250082.55,62506.13,24327.46,197919.28,13.8,7.24,0.7,5.73,24.99,Manhattan,Upper East Side North,Manhattan,Yorkville West
234,170,34487,594521.63,326493.76,74808.74,34849.73,286568.3,17.24,9.47,1.01,8.31,22.91,Manhattan,Union Sq,Manhattan,Murray Hill
186,234,34081,547353.43,296489.83,73520.66,32169.27,258122.77,16.06,8.7,0.94,7.57,24.8,Manhattan,Penn Station/Madison Sq West,Manhattan,Union Sq
186,170,33926,636852.41,374255.13,80673.72,34231.01,376373.8,18.77,11.03,1.01,11.09,21.56,Manhattan,Penn Station/Madison Sq West,Manhattan,Murray Hill
161,163,33247,566481.06,311471.68,72713.56,25748.75,295813.12,17.04,9.37,0.77,8.9,23.35,Manhattan,Midtown Center,Manhattan,Midtown North
161,230,32984,582751.73,331266.69,68501.54,23570.23,326985.17,17.67,10.04,0.71,9.91,20.68,Manhattan,Midtown Center,Manhattan,Times Sq/Theatre District
236,140,32753,591148.1,369593.98,74540.55,43742.14,349450.02,18.05,11.28,1.34,10.67,20.17,Manhattan,Upper East Side North,Manhattan,Lenox Hill East
107,170,32710,531586.44,288025.32,66754.32,32113.39,235093.22,16.25,8.81,0.98,7.19,23.18,Manhattan,Gramercy,Manhattan,Murray Hill
140,237,32312,513719.03,298073.01,64024.59,28978.36,275057.55,15.9,9.22,0.9,8.51,21.48,Manhattan,Lenox Hill East,Manhattan,Upper East Side South
239,239,31998,423367.72,215248.09,56884.89,20200.77,150079.37,13.23,6.73,0.63,4.69,26.43,Manhattan,Upper West Side South,Manhattan,Upper West Side South
237,163,31955,542630.54,302774.55,69753.44,30166.91,276358.43,16.98,9.48,0.94,8.65,23.04,Manhattan,Upper East Side South,Manhattan,Midtown North
237,239,31830,655635.33,410397.39,88301.11,56023.4,379133.58,20.6,12.89,1.76,11.91,21.52,Manhattan,Upper East Side South,Manhattan,Upper West Side South
238,236,31582,546268.48,336835.09,69233.67,43072.92,289159.9,17.3,10.67,1.36,9.16,20.55,Manhattan,Upper West Side North,Manhattan,Upper East Side North
161,186,31574,664361.54,405989.69,83671.65,39874.73,422903.38,21.04,12.86,1.26,13.39,20.61,Manhattan,Midtown Center,Manhattan,Penn Station/Madison Sq West
238,142,31261,532132.53,315864.6,69054.04,42644.95,259255.28,17.02,10.1,1.36,8.29,21.86,Manhattan,Upper West Side North,Manhattan,Lincoln Square East
161,141,31134,637382.22,376089.28,81482.38,45572.14,362414.3,20.47,12.08,1.46,11.64,21.67,Manhattan,Midtown Center,Manhattan,Lenox Hill West
161,170,31021,547051.44,306352.27,67823.48,29648.67,287976.77,17.63,9.88,0.96,9.28,22.14,Manhattan,Midtown Center,Manhattan,Murray Hill
163,161,30943,521645.82,284979.31,66891.54,24079.82,267018.25,16.86,9.21,0.78,8.63,23.47,Manhattan,Midtown North,Manhattan,Midtown Center
237,229,30904,536395.13,296476.57,68970.72,32744.32,265998.02,17.36,9.59,1.06,8.61,23.26,Manhattan,Upper East Side South,Manhattan,Sutton Place/Turtle Bay North
141,263,30576,439534.34,234531.36,57252.71,30360.72,178600.7,14.38,7.67,0.99,5.84,24.41,Manhattan,Lenox Hill West,Manhattan,Yorkville West
142,161,29510,577941.7,351839.91,71048.06,41066.6,338661.45,19.58,11.92,1.39,11.48,20.19,Manhattan,Lincoln Square East,Manhattan,Midtown Center
161,142,29232,615213.39,366272.53,80345.39,41996.14,359938.88,21.05,12.53,1.44,12.31,21.94,Manhattan,Midtown Center,Manhattan,Lincoln Square East
236,75,29150,410599.99,229110.05,49723.52,26524.24,180297.2,14.09,7.86,0.91,6.19,21.7,Manhattan,Upper East Side North,Manhattan,East Harlem South
249,79,29092,547844.06,332896.9,56330.56,36382.46,313409.58,18.83,11.44,1.25,10.77,16.92,Manhattan,West Village,Manhattan,East Village
162,141,28854,517818.57,284568.41,68172.76,34649.45,254726.82,17.95,9.86,1.2,8.83,23.96,Manhattan,Midtown East,Manhattan,Lenox Hill West
230,161,28665,477196.86,260559.0,58333.26,21738.77,241020.63,16.65,9.09,0.76,8.41,22.39,Manhattan,Times Sq/Theatre District,Manhattan,Midtown Center
263,237,28292,465986.89,276911.4,57356.07,33468.78,241104.52,16.47,9.79,1.18,8.52,20.71,Manhattan,Yorkville West,Manhattan,Upper East Side South
237,262,28250,518315.46,311300.86,67563.86,40460.04,287997.73,18.35,11.02,1.43,10.19,21.7,Manhattan,Upper East Side South,Manhattan,Yorkville East
164,161,28126,490419.86,278822.61,60678.43,26823.2,261144.38,17.44,9.91,0.95,9.28,21.76,Manhattan,Midtown South,Manhattan,Midtown Center
142,48,27757,454500.27,245452.42,55749.69,27978.46,203156.88,16.37,8.84,1.01,7.32,22.71,Manhattan,Lincoln Square East,Manhattan,Clinton East
162,170,27654,453965.71,242485.72,58451.1,23836.09,213726.33,16.42,8.77,0.86,7.73,24.1,Manhattan,Midtown East,Manhattan,Murray Hill
230,68,27608,540080.2,325812.12,66635.89,37064.1,309533.92,19.56,11.8,1.34,11.21,20.45,Manhattan,Times Sq/Theatre District,Manhattan,East Chelsea
239,237,27438,544852.71,349758.75,68797.48,46322.28,321544.22,19.86,12.75,1.69,11.72,19.67,Manhattan,Upper West Side South,Manhattan,Upper East Side South
142,163,27292,419628.56,218971.31,53840.45,22914.85,179097.55,15.38,8.02,0.84,6.56,24.59,Manhattan,Lincoln Square East,Manhattan,Midtown North
68,48,27236,511092.47,300852.58,59682.68,33228.51,275389.13,18.77,11.05,1.22,10.11,19.84,Manhattan,East Chelsea,Manhattan,Clinton East
170,234,26894,457866.65,254130.88,57588.64,28411.2,220507.52,17.02,9.45,1.06,8.2,22.66,Manhattan,Murray Hill,Manhattan,Union Sq
239,143,26836,395474.75,217094.41,51345.65,24352.03,172288.57,14.74,8.09,0.91,6.42,23.65,Manhattan,Upper West Side South,Manhattan,Lincoln Square West
230,142,26805,481022.34,265459.99,62420.13,30960.84,234712.35,17.95,9.9,1.16,8.76,23.51,Manhattan,Times Sq/Theatre District,Manhattan,Lincoln Square East
141,141,26779,359873.06,184899.05,45282.22,17960.04,135816.35,13.44,6.9,0.67,5.07,24.49,Manhattan,Lenox Hill West,Manhattan,Lenox Hill West
142,142,26775,380867.83,194374.14,50542.27,17639.7,140828.1,14.22,7.26,0.66,5.26,26.0,Manhattan,Lincoln Square East,Manhattan,Lincoln Square East
236,163,26730,569458.31,359110.42,72763.11,45960.49,343794.15,21.3,13.43,1.72,12.86,20.26,Manhattan,Upper East Side North,Manhattan,Midtown North
234,161,26532,546338.61,338148.35,67055.68,38345.07,333622.48,20.59,12.74,1.45,12.57,19.83,Manhattan,Union Sq,Manhattan,Midtown Center
229,237,26490,465919.5,264556.35,59649.91,27063.11,249230.98,17.59,9.99,1.02,9.41,22.55,Manhattan,Sutton Place/Turtle Bay North,Manhattan,Upper East Side South
141,229,26025,409388.67,216770.17,51765.6,24869.32,174110.45,15.73,8.33,0.96,6.69,23.88,Manhattan,Lenox Hill West,Manhattan,Sutton Place/Turtle Bay North
68,230,25948,578417.4,369843.73,68377.4,37696.67,385173.47,22.29,14.25,1.45,14.84,18.49,Manhattan,East Chelsea,Manhattan,Times Sq/Theatre District
79,107,25935,392964.13,206512.64,44860.67,23925.89,149512.43,15.15,7.96,0.92,5.76,21.72,Manhattan,East Village,Manhattan,Gramercy
79,170,25914,496037.71,308100.36,49365.43,43105.43,254308.08,19.14,11.89,1.66,9.81,16.02,Manhattan,East Village,Manhattan,Murray Hill
161,68,25848,604268.32,388007.58,75899.48,45236.42,403984.63,23.38,15.01,1.75,15.63,19.56,Manhattan,Midtown Center,Manhattan,East Chelsea
170,161,25536,449148.19,259568.22,54477.12,22935.73,245642.8,17.59,10.16,0.9,9.62,20.99,Manhattan,Murray Hill,Manhattan,Midtown Center
140,263,25522,385514.31,214440.86,49420.71,27259.84,169479.87,15.11,8.4,1.07,6.64,23.05,Manhattan,Lenox Hill East,Manhattan,Yorkville West
161,229,25420,431264.0,230544.16,54734.26,22671.69,210572.03,16.97,9.07,0.89,8.28,23.74,Manhattan,Midtown Center,Manhattan,Sutton Place/Turtle Bay North
186,107,25042,482763.63,285806.61,61717.89,33693.65,274405.43,19.28,11.41,1.35,10.96,21.59,Manhattan,Penn Station/Madison Sq West,Manhattan,Gramercy
262,237,25006,453584.99,286204.26,53196.79,35407.69,266706.82,18.14,11.45,1.42,10.67,18.59,Manhattan,Yorkville East,Manhattan,Upper East Side South
163,142,24992,414804.7,218520.96,54639.17,22943.55,188691.73,16.6,8.74,0.92,7.55,25.0,Manhattan,Midtown North,Manhattan,Lincoln Square East
142,143,24950,359734.51,184263.92,46176.59,18325.78,144666.93,14.42,7.39,0.73,5.8,25.06,Manhattan,Lincoln Square East,Manhattan,Lincoln Square West
230,163,24937,405635.51,218016.16,49896.63,19922.97,193559.3,16.27,8.74,0.8,7.76,22.89,Manhattan,Times Sq/Theatre District,Manhattan,Midtown North
246,48,24833,435874.32,246561.23,50823.24,27621.52,213452.08,17.55,9.93,1.11,8.6,20.61,Manhattan,West Chelsea/Hudson Yards,Manhattan,Clinton East
79,79,24776,357267.22,182762.49,37857.02,16067.25,125816.52,14.42,7.38,0.65,5.08,20.71,Manhattan,East Village,Manhattan,East Village
68,68,24570,373911.0,193363.84,45321.73,19741.44,141650.53,15.22,7.87,0.8,5.77,23.44,Manhattan,East Chelsea,Manhattan,East Chelsea
170,237,24529,522453.34,321154.63,67271.81,38802.05,315012.37,21.3,13.09,1.58,12.84,20.95,Manhattan,Murray Hill,Manhattan,Upper East Side South
162,230,24489,481119.68,287943.25,57741.22,22166.16,300609.68,19.65,11.76,0.91,12.28,20.05,Manhattan,Midtown East,Manhattan,Times Sq/Theatre District
142,230,24434,426737.52,241599.68,52019.31,25968.0,217864.2,17.46,9.89,1.06,8.92,21.53,Manhattan,Lincoln Square East,Manhattan,Times Sq/Theatre District
48,48,24279,358107.3,182235.27,41207.83,16558.14,133017.2,14.75,7.51,0.68,5.48,22.61,Manhattan,Clinton East,Manhattan,Clinton East
234,68,24173,422900.59,239448.91,51346.95,26494.39,216319.53,17.49,9.91,1.1,8.95,21.44,Manhattan,Union Sq,Manhattan,East Chelsea
162,161,24119,410029.75,226231.76,52493.4,16387.67,216949.83,17.0,9.38,0.68,8.99,23.2,Manhattan,Midtown East,Manhattan,Midtown Center
161,48,24055,471302.23,281882.56,53359.64,25251.04,287903.6,19.59,11.72,1.05,11.97,18.93,Manhattan,Midtown Center,Manhattan,Clinton East
230,138,23995,1861314.89,1223421.38,260674.77,271722.62,828418.9,77.57,50.99,11.32,34.52,21.31,Manhattan,Times Sq/Theatre District,Queens,LaGuardia Airport
161,162,23953,382535.59,201697.49,48747.09,15996.07,181138.83,15.97,8.42,0.67,7.56,24.17,Manhattan,Midtown Center,Manhattan,Midtown East
48,142,23940,386349.09,204259.03,49450.48,25214.79,159124.07,16.14,8.53,1.05,6.65,24.21,Manhattan,Clinton East,Manhattan,Lincoln Square East
48,246,23938,404264.43,225539.05,48903.29,28771.53,180823.03,16.89,9.42,1.2,7.55,21.68,Manhattan,Clinton East,Manhattan,West Chelsea/Hudson Yards
163,230,23895,419913.82,235725.25,49213.72,19316.41,225375.3,17.57,9.87,0.81,9.43,20.88,Manhattan,Midtown North,Manhattan,Times Sq/Theatre District
237,238,23844,538572.67,350996.77,70761.29,51693.76,328160.58,22.59,14.72,2.17,13.76,20.16,Manhattan,Upper East Side South,Manhattan,Upper West Side North
138,161,23793,1799367.7,1100119.92,261845.62,232238.54,835388.52,75.63,46.24,9.76,35.11,23.8,Queens,LaGuardia Airport,Manhattan,Midtown Center
140,262,23779,339151.74,180950.72,44494.5,21269.03,136537.38,14.26,7.61,0.89,5.74,24.59,Manhattan,Lenox Hill East,Manhattan,Yorkville East
68,246,23418,367341.51,194600.54,45619.09,20399.9,156577.42,15.69,8.31,0.87,6.69,23.44,Manhattan,East Chelsea,Manhattan,West Chelsea/Hudson Yards
249,68,23333,398348.35,223925.24,47489.74,28576.55,181070.52,17.07,9.6,1.22,7.76,21.21,Manhattan,West Village,Manhattan,East Chelsea
162,140,23263,476052.98,288086.34,62293.09,35793.4,279085.85,20.46,12.38,1.54,12.0,21.62,Manhattan,Midtown East,Manhattan,Lenox Hill East
249,231,23235,429020.86,252206.68,50966.69,32671.37,220685.02,18.46,10.85,1.41,9.5,20.21,Manhattan,West Village,Manhattan,TriBeCa/Civic Center
79,249,23155,430834.4,262068.27,43784.67,29424.2,241440.25,18.61,11.32,1.27,10.43,16.71,Manhattan,East Village,Manhattan,West Village
234,249,23106,393094.59,214225.63,49133.35,25863.81,184974.77,17.01,9.27,1.12,8.01,22.94,Manhattan,Union Sq,Manhattan,West Village
237,170,23090,494832.82,309316.93,62021.71,37165.59,304390.95,21.43,13.4,1.61,13.18,20.05,Manhattan,Upper East Side South,Manhattan,Murray Hill
230,246,23080,466984.12,283731.31,58017.95,34024.6,271317.6,20.23,12.29,1.47,11.76,20.45,Manhattan,Times Sq/Theatre District,Manhattan,West Chelsea/Hudson Yards
186,163,23041,529906.43,337136.61,70357.89,34499.55,359197.52,23.0,14.63,1.5,15.59,20.87,Manhattan,Penn Station/Madison Sq West,Manhattan,Midtown North
48,161,22953,401566.99,234234.65,47212.74,22546.79,223277.53,17.5,10.2,0.98,9.73,20.16,Manhattan,Clinton East,Manhattan,Midtown Center
143,239,22945,322123.78,171708.65,40958.14,19695.1,124796.75,14.04,7.48,0.86,5.44,23.85,Manhattan,Lincoln Square West,Manhattan,Upper West Side South
239,151,22841,366258.18,208067.73,49248.81,28724.82,159582.52,16.04,9.11,1.26,6.99,23.67,Manhattan,Upper West Side South,Manhattan,Manhattan Valley
234,186,22785,374677.76,198841.55,46629.03,19215.17,171330.28,16.44,8.73,0.84,7.52,23.45,Manhattan,Union Sq,Manhattan,Penn Station/Madison Sq West
186,162,22775,524256.17,334757.7,69373.92,35357.4,356953.73,23.02,14.7,1.55,15.67,20.72,Manhattan,Penn Station/Madison Sq West,Manhattan,Midtown East
186,48,22750,440523.11,263909.0,52342.67,24969.79,263569.07,19.36,11.6,1.1,11.59,19.83,Manhattan,Penn Station/Madison Sq West,Manhattan,Clinton East
132,164,22561,2192782.63,1593281.35,273814.17,386559.47,1135210.87,97.19,70.62,17.13,50.32,17.19,Queens,JFK Airport,Manhattan,Midtown South
68,234,22548,407589.43,233836.31,50687.16,26001.67,216384.15,18.08,10.37,1.15,9.6,21.68,Manhattan,East Chelsea,Manhattan,Union Sq
162,234,22495,471827.6,285403.92,61792.44,35369.51,276156.58,20.97,12.69,1.57,12.28,21.65,Manhattan,Midtown East,Manhattan,Union Sq
162,186,22490,496179.69,310054.34,62768.06,31809.91,326588.33,22.06,13.79,1.41,14.52,20.24,Manhattan,Midtown East,Manhattan,Penn Station/Madison Sq West
230,237,22374,477263.34,288116.49,62560.17,33833.49,285411.33,21.33,12.88,1.51,12.76,21.71,Manhattan,Times Sq/Theatre District,Manhattan,Upper East Side South
140,162,22335,470104.66,293141.01,58027.94,36610.47,280880.38,21.05,13.12,1.64,12.58,19.8,Manhattan,Lenox Hill East,Manhattan,Midtown East
262,140,22306,310960.23,172891.94,39011.37,19413.05,131484.42,13.94,7.75,0.87,5.89,22.56,Manhattan,Yorkville East,Manhattan,Lenox Hill East
43,161,22290,468818.27,292296.72,59796.44,32280.84,291675.43,21.03,13.11,1.45,13.09,20.46,Manhattan,Central Park,Manhattan,Midtown Center
170,107,22250,363756.23,193381.31,46073.86,22908.69,155874.83,16.35,8.69,1.03,7.01,23.83,Manhattan,Murray Hill,Manhattan,Gramercy
100,161,22214,382134.24,218228.26,46765.07,20414.03,207969.02,17.2,9.82,0.92,9.36,21.43,Manhattan,Garment District,Manhattan,Midtown Center
141,162,22191,408688.65,242751.96,50021.47,28111.6,224016.27,18.42,10.94,1.27,10.09,20.61,Manhattan,Lenox Hill West,Manhattan,Midtown East
249,234,22120,370129.6,206334.32,44979.76,23649.13,176980.42,16.73,9.33,1.07,8.0,21.8,Manhattan,West Village,Manhattan,Union Sq
161,239,22036,558140.84,356933.29,73293.24,49689.59,350587.83,25.33,16.2,2.25,15.91,20.53,Manhattan,Midtown Center,Manhattan,Upper West Side South
186,246,21858,373870.22,210839.75,46945.31,22180.15,192550.98,17.1,9.65,1.01,8.81,22.27,Manhattan,Penn Station/Madison Sq West,Manhattan,West Chelsea/Hudson Yards
162,107,21831,417838.01,238702.84,55390.08,31679.06,211096.53,19.14,10.93,1.45,9.67,23.2,Manhattan,Midtown East,Manhattan,Gramercy
163,239,21811,449872.64,265956.44,59685.63,36003.14,241894.32,20.63,12.19,1.65,11.09,22.44,Manhattan,Midtown North,Manhattan,Upper West Side South
234,79,21804,400956.79,235259.18,44244.69,27699.09,214599.52,18.39,10.79,1.27,9.84,18.81,Manhattan,Union Sq,Manhattan,East Village
170,186,21524,398801.46,234419.86,47192.02,21022.47,231116.68,18.53,10.89,0.98,10.74,20.13,Manhattan,Murray Hill,Manhattan,Penn Station/Madison Sq West
141,140,21509,298848.42,161146.95,36681.36,14923.42,131983.38,13.89,7.49,0.69,6.14,22.76,Manhattan,Lenox Hill West,Manhattan,Lenox Hill East
230,239,21459,476254.7,290400.59,63774.97,41435.79,265265.67,22.19,13.53,1.93,12.36,21.96,Manhattan,Times Sq/Theatre District,Manhattan,Upper West Side South
79,148,21445,351010.19,198740.43,35282.13,19299.02,168071.55,16.37,9.27,0.9,7.84,17.75,Manhattan,East Village,Manhattan,Lower East Side
230,162,21381,386980.26,221066.94,47525.52,20377.1,216572.47,18.1,10.34,0.95,10.13,21.5,Manhattan,Times Sq/Theatre District,Manhattan,Midtown East
164,230,21346,417010.69,255519.86,44215.6,23226.64,257521.7,19.54,11.97,1.09,12.06,17.3,Manhattan,Midtown South,Manhattan,Times Sq/Theatre District
230,48,21283,352790.64,192920.38,39536.16,16550.67,169665.37,16.58,9.06,0.78,7.97,20.49,Manhattan,Times Sq/Theatre District,Manhattan,Clinton East
238,238,21267,280151.79,147633.56,34888.46,13792.05,104971.08,13.17,6.94,0.65,4.94,23.63,Manhattan,Upper West Side North,Manhattan,Upper West Side North
230,236,21223,552271.02,357890.91,73119.31,52229.21,349140.52,26.02,16.86,2.46,16.45,20.43,Manhattan,Times Sq/Theatre District,Manhattan,Upper East Side North
140,141,21148,293192.56,157041.79,35595.75,14439.07,126239.88,13.86,7.43,0.68,5.97,22.67,Manhattan,Lenox Hill East,Manhattan,Lenox Hill West
263,140,21076,324492.01,189185.38,39252.72,23346.97,156289.38,15.4,8.98,1.11,7.42,20.75,Manhattan,Yorkville West,Manhattan,Lenox Hill East
43,237,20966,350778.54,202336.54,47039.25,22554.69,178418.17,16.73,9.65,1.08,8.51,23.25,Manhattan,Central Park,Manhattan,Upper East Side South
230,230,20951,356830.22,200639.86,38158.46,13895.33,174334.02,17.03,9.58,0.66,8.32,19.02,Manhattan,Times Sq/Theatre District,Manhattan,Times Sq/Theatre District
246,230,20946,439743.85,277304.96,48423.62,30033.4,276874.67,20.99,13.24,1.43,13.22,17.46,Manhattan,West Chelsea/Hudson Yards,Manhattan,Times Sq/Theatre District
164,170,20745,310974.26,156874.42,37999.19,13420.98,125542.52,14.99,7.56,0.65,6.05,24.22,Manhattan,Midtown South,Manhattan,Murray Hill
164,234,20739,311141.46,156542.42,39833.34,16277.92,119961.08,15.0,7.55,0.78,5.78,25.45,Manhattan,Midtown South,Manhattan,Union Sq
161,246,20645,508302.78,332281.91,62223.89,39310.84,349039.62,24.62,16.1,1.9,16.91,18.73,Manhattan,Midtown Center,Manhattan,West Chelsea/Hudson Yards
229,141,20616,324916.47,170561.68,41284.75,19456.62,139748.55,15.76,8.27,0.94,6.78,24.21,Manhattan,Sutton Place/Turtle Bay North,Manhattan,Lenox Hill West
230,164,20597,395380.78,237489.89,44272.03,23653.16,234866.5,19.2,11.53,1.15,11.4,18.64,Manhattan,Times Sq/Theatre District,Manhattan,Midtown South
170,162,20595,332236.87,180114.32,42076.85,17917.78,152925.58,16.13,8.75,0.87,7.43,23.36,Manhattan,Murray Hill,Manhattan,Midtown East
132,48,20582,1964482.91,1458489.43,216752.42,371055.63,1205859.6,95.45,70.86,18.03,58.59,14.86,Queens,JFK Airport,Manhattan,Clinton East
68,249,20360,355229.29,197634.03,43915.05,24558.36,169040.05,17.45,9.71,1.21,8.3,22.22,Manhattan,East Chelsea,Manhattan,West Village
229,140,20340,335686.54,185570.0,43184.56,19719.11,162911.7,16.5,9.12,0.97,8.01,23.27,Manhattan,Sutton Place/Turtle Bay North,Manhattan,Lenox Hill East
68,161,20318,498063.65,328017.02,62222.19,35838.85,352900.83,24.51,16.14,1.76,17.37,18.97,Manhattan,East Chelsea,Manhattan,Midtown Center
48,239,20287,399572.6,233989.76,52531.44,35308.41,192470.7,19.7,11.53,1.74,9.49,22.45,Manhattan,Clinton East,Manhattan,Upper West Side South
107,79,20249,323022.91,175024.92,36097.53,19200.03,140912.63,15.95,8.64,0.95,6.96,20.62,Manhattan,Gramercy,Manhattan,East Village
239,163,20073,391531.24,238561.51,48531.2,31554.4,215457.7,19.51,11.88,1.57,10.73,20.34,Manhattan,Upper West Side South,Manhattan,Midtown North
161,140,19892,452093.64,285326.51,56940.48,35051.78,289525.72,22.73,14.34,1.76,14.55,19.96,Manhattan,Midtown Center,Manhattan,Lenox Hill East
100,230,19889,339862.34,193484.68,38419.01,15331.66,185184.42,17.09,9.73,0.77,9.31,19.86,Manhattan,Garment District,Manhattan,Times Sq/Theatre District
162,229,19751,301819.38,151828.5,39301.07,15116.54,124122.07,15.28,7.69,0.77,6.28,25.89,Manhattan,Midtown East,Manhattan,Sutton Place/Turtle Bay North
163,162,19747,349565.7,195324.24,45556.67,17831.89,186371.6,17.7,9.89,0.9,9.44,23.32,Manhattan,Midtown North,Manhattan,Midtown East
141,262,19745,300110.79,165619.24,39040.98,20808.41,133724.3,15.2,8.39,1.05,6.77,23.57,Manhattan,Lenox Hill West,Manhattan,Yorkville East
43,236,19707,333382.56,195556.54,44703.46,24625.39,164946.07,16.92,9.92,1.25,8.37,22.86,Manhattan,Central Park,Manhattan,Upper East Side North
263,75,19694,281653.3,161739.08,31145.96,19888.88,127727.08,14.3,8.21,1.01,6.49,19.26,Manhattan,Yorkville West,Manhattan,East Harlem South
234,230,19687,435218.22,280699.82,47478.33,30827.53,285409.52,22.11,14.26,1.57,14.5,16.91,Manhattan,Union Sq,Manhattan,Times Sq/Theatre District
161,107,19680,432025.88,266836.8,53028.82,34133.7,258815.57,21.95,13.56,1.73,13.15,19.87,Manhattan,Midtown Center,Manhattan,Gramercy
140,229,19661,334070.62,186157.25,42098.78,21669.55,157933.3,16.99,9.47,1.1,8.03,22.61,Manhattan,Lenox Hill East,Manhattan,Sutton Place/Turtle Bay North
170,229,19634,337370.38,185757.81,41856.1,22338.79,158603.65,17.18,9.46,1.14,8.08,22.53,Manhattan,Murray Hill,Manhattan,Sutton Place/Turtle Bay North
237,230,19607,432198.79,272140.63,52669.33,28911.37,279151.33,22.04,13.88,1.47,14.24,19.35,Manhattan,Upper East Side South,Manhattan,Times Sq/Theatre District
114,79,19438,317678.26,175843.9,34447.29,18302.89,148263.18,16.34,9.05,0.94,7.63,19.59,Manhattan,Greenwich Village South,Manhattan,East Village
186,79,19326,470152.08,308908.31,55285.69,42339.22,310049.52,24.33,15.98,2.19,16.04,17.9,Manhattan,Penn Station/Madison Sq West,Manhattan,East Village
142,141,19321,392636.27,248154.76,49352.38,32838.26,232873.17,20.32,12.84,1.7,12.05,19.89,Manhattan,Lincoln Square East,Manhattan,Lenox Hill West
170,230,19319,390239.53,241350.66,43828.49,20719.77,246148.88,20.2,12.49,1.07,12.74,18.16,Manhattan,Murray Hill,Manhattan,Times Sq/Theatre District
141,161,19228,393033.54,248305.81,45934.31,28041.79,245792.65,20.44,12.91,1.46,12.78,18.5,Manhattan,Lenox Hill West,Manhattan,Midtown Center
151,239,19225,303978.42,176784.96,38792.4,22755.43,140106.52,15.81,9.2,1.18,7.29,21.94,Manhattan,Manhattan Valley,Manhattan,Upper West Side South
162,164,19177,365085.93,213623.26,45559.92,21532.24,209120.77,19.04,11.14,1.12,10.9,21.33,Manhattan,Midtown East,Manhattan,Midtown South
90,68,19149,290745.68,151059.0,35908.11,15378.04,119371.7,15.18,7.89,0.8,6.23,23.77,Manhattan,Flatiron,Manhattan,East Chelsea
48,230,19051,305545.26,167013.04,34669.5,13436.51,149062.45,16.04,8.77,0.71,7.82,20.76,Manhattan,Clinton East,Manhattan,Times Sq/Theatre District
234,246,19023,378043.08,230260.82,44237.03,27847.12,218367.27,19.87,12.1,1.46,11.48,19.21,Manhattan,Union Sq,Manhattan,West Chelsea/Hudson Yards
162,163,18981,361386.04,210556.04,46921.73,18621.7,211187.88,19.04,11.09,0.98,11.13,22.28,Manhattan,Midtown East,Manhattan,Midtown North
90,249,18973,279206.35,138093.9,35654.2,15525.54,102185.02,14.72,7.28,0.82,5.39,25.82,Manhattan,Flatiron,Manhattan,West Village
162,162,18907,296612.39,154262.04,38195.04,12028.76,129648.05,15.69,8.16,0.64,6.86,24.76,Manhattan,Midtown East,Manhattan,Midtown East
236,229,18877,426749.22,271883.62,52581.37,37424.22,259419.48,22.61,14.4,1.98,13.74,19.34,Manhattan,Upper East Side North,Manhattan,Sutton Place/Turtle Bay North
238,151,18828,245337.87,131722.81,32153.14,14371.18,94397.8,13.03,7.0,0.76,5.01,24.41,Manhattan,Upper West Side North,Manhattan,Manhattan Valley
170,79,18828,384661.33,241038.71,40275.24,33820.83,215763.43,20.43,12.8,1.8,11.46,16.71,Manhattan,Murray Hill,Manhattan,East Village
249,90,18799,285838.13,147315.47,35661.76,16974.77,110584.45,15.2,7.84,0.9,5.88,24.21,Manhattan,West Village,Manhattan,Flatiron
170,170,18661,276465.48,141823.97,32753.67,11134.69,105870.48,14.82,7.6,0.6,5.67,23.09,Manhattan,Murray Hill,Manhattan,Murray Hill
230,170,18556,363420.81,218509.3,41806.27,22397.58,216841.32,19.59,11.78,1.21,11.69,19.13,Manhattan,Times Sq/Theatre District,Manhattan,Murray Hill
238,166,18505,280253.8,175226.67,33980.28,24738.54,133783.28,15.14,9.47,1.34,7.23,19.39,Manhattan,Upper West Side North,Manhattan,Morningside Heights
264,264,18446,477569.38,319618.23,61339.8,54542.04,269735.67,25.89,17.33,2.96,14.62,19.19,Unknown,,Unknown,
229,236,18425,401475.95,251715.04,51120.95,34689.98,244051.43,21.79,13.66,1.88,13.25,20.31,Manhattan,Sutton Place/Turtle Bay North,Manhattan,Upper East Side North
239,161,18421,444348.4,297805.29,52593.79,40416.61,292443.67,24.12,16.17,2.19,15.88,17.66,Manhattan,Upper West Side South,Manhattan,Midtown Center
68,170,18413,408855.33,261238.84,47732.36,28163.66,271087.57,22.2,14.19,1.53,14.72,18.27,Manhattan,East Chelsea,Manhattan,Murray Hill
161,138,18356,1353382.4,868817.65,199876.71,191528.21,588172.8,73.73,47.33,10.43,32.04,23.01,Manhattan,Midtown Center,Queens,LaGuardia Airport
186,137,18283,349045.16,212303.94,40407.99,22162.23,212031.5,19.09,11.61,1.21,11.6,19.03,Manhattan,Penn Station/Madison Sq West,Manhattan,Kips Bay
148,79,18250,286131.31,155660.89,29977.01,15657.68,118986.02,15.68,8.53,0.86,6.52,19.26,Manhattan,Lower East Side,Manhattan,East Village
161,263,18248,448958.92,285158.97,56808.64,41372.14,276298.0,24.6,15.63,2.27,15.14,19.92,Manhattan,Midtown Center,Manhattan,Yorkville West
138,164,18215,1306438.54,776801.83,186482.82,167735.66,547463.57,71.72,42.65,9.21,30.06,24.01,Queens,LaGuardia Airport,Manhattan,Midtown South
132,163,18198,1730452.21,1288433.51,219361.0,326394.25,1054199.7,95.09,70.8,17.94,57.93,17.03,Queens,JFK Airport,Manhattan,Midtown North
79,234,18139,327163.76,196596.57,33949.36,23373.74,172423.58,18.04,10.84,1.29,9.51,17.27,Manhattan,East Village,Manhattan,Union Sq
237,43,18110,311506.64,181399.82,40844.76,20982.95,160191.32,17.2,10.02,1.16,8.85,22.52,Manhattan,Upper East Side South,Manhattan,Central Park
239,48,18078,367130.96,226318.56,43671.6,30798.32,202799.03,20.31,12.52,1.7,11.22,19.3,Manhattan,Upper West Side South,Manhattan,Clinton East
238,237,18047,395751.95,265687.79,48304.61,37302.63,248916.37,21.93,14.72,2.07,13.79,18.18,Manhattan,Upper West Side North,Manhattan,Upper East Side South
79,137,17998,297036.35,170249.84,30114.98,22911.69,126836.68,16.5,9.46,1.27,7.05,17.69,Manhattan,East Village,Manhattan,Kips Bay
43,142,17998,314465.42,180885.51,42444.91,23030.48,153926.87,17.47,10.05,1.28,8.55,23.47,Manhattan,Central Park,Manhattan,Lincoln Square East
263,263,17953,229252.97,116128.55,28424.27,11645.2,78421.05,12.77,6.47,0.65,4.37,24.48,Manhattan,Yorkville West,Manhattan,Yorkville West
170,68,17887,375930.34,236409.37,44009.36,26357.02,235931.38,21.02,13.22,1.47,13.19,18.62,Manhattan,Murray Hill,Manhattan,East Chelsea
246,68,17854,283857.29,151726.71,33877.46,15891.45,121150.47,15.9,8.5,0.89,6.79,22.33,Manhattan,West Chelsea/Hudson Yards,Manhattan,East Chelsea
161,100,17849,343320.43,204646.43,40209.94,17356.89,210887.48,19.23,11.47,0.97,11.82,19.65,Manhattan,Midtown Center,Manhattan,Garment District
142,162,17848,374382.39,234118.34,46100.93,28332.47,229023.02,20.98,13.12,1.59,12.83,19.69,Manhattan,Lincoln Square East,Manhattan,Midtown East
138,162,17781,1260490.81,749962.99,183299.99,166550.86,518003.7,70.89,42.18,9.37,29.13,24.44,Queens,LaGuardia Airport,Manhattan,Midtown East
249,170,17780,408775.12,271199.16,42892.01,37368.88,257756.08,22.99,15.25,2.1,14.5,15.82,Manhattan,West Village,Manhattan,Murray Hill
234,113,17756,268115.83,134512.22,34677.9,14132.6,104221.07,15.1,7.58,0.8,5.87,25.78,Manhattan,Union Sq,Manhattan,Greenwich Village North
249,107,17694,340955.47,207063.5,37640.79,25655.7,191153.85,19.27,11.7,1.45,10.8,18.18,Manhattan,West Village,Manhattan,Gramercy
151,238,17655,227157.91,124806.62,29349.2,12553.79,89669.28,12.87,7.07,0.71,5.08,23.52,Manhattan,Manhattan Valley,Manhattan,Upper West Side North
143,238,17616,289747.01,171031.81,35120.25,23973.28,135121.75,16.45,9.71,1.36,7.67,20.53,Manhattan,Lincoln Square West,Manhattan,Upper West Side North
236,43,17591,293183.3,170452.75,39033.01,19860.6,146693.68,16.67,9.69,1.13,8.34,22.9,Manhattan,Upper East Side North,Manhattan,Central Park
238,143,17573,302301.07,184281.72,36359.54,24431.3,156468.18,17.2,10.49,1.39,8.9,19.73,Manhattan,Upper West Side North,Manhattan,Lincoln Square West
107,162,17482,328824.29,198253.09,39183.99,25897.75,171271.87,18.81,11.34,1.48,9.8,19.76,Manhattan,Gramercy,Manhattan,Midtown East
162,68,17429,420447.9,273102.65,53981.42,32646.28,285186.47,24.12,15.67,1.87,16.36,19.77,Manhattan,Midtown East,Manhattan,East Chelsea
140,140,17324,238651.2,128155.0,29201.02,11525.46,98376.95,13.78,7.4,0.67,5.68,22.79,Manhattan,Lenox Hill East,Manhattan,Lenox Hill East
239,230,17302,376970.97,242099.97,43496.03,31529.94,230416.92,21.79,13.99,1.82,13.32,17.97,Manhattan,Upper West Side South,Manhattan,Times Sq/Theatre District
90,246,17264,294071.7,165412.89,35309.28,19187.76,142203.22,17.03,9.58,1.11,8.24,21.35,Manhattan,Flatiron,Manhattan,West Chelsea/Hudson Yards
132,161,17215,1669001.03,1215605.53,213447.76,301797.93,945014.78,96.95,70.61,17.53,54.89,17.56,Queens,JFK Airport,Manhattan,Midtown Center
234,164,17175,278392.97,151387.8,33249.56,14615.02,129965.97,16.21,8.81,0.85,7.57,21.96,Manhattan,Union Sq,Manhattan,Midtown South
163,186,17142,370582.16,231104.46,46409.97,24870.96,237372.67,21.62,13.48,1.45,13.85,20.08,Manhattan,Midtown North,Manhattan,Penn Station/Madison Sq West
229,161,17119,310942.98,183883.88,37776.67,14788.54,185238.93,18.16,10.74,0.86,10.82,20.54,Manhattan,Sutton Place/Turtle Bay North,Manhattan,Midtown Center
48,163,17098,279225.72,153616.45,34225.78,16211.08,131804.15,16.33,8.98,0.95,7.71,22.28,Manhattan,Clinton East,Manhattan,Midtown North
263,262,16971,223528.66,114215.52,28948.72,11457.19,83679.3,13.17,6.73,0.68,4.93,25.35,Manhattan,Yorkville West,Manhattan,Yorkville East
170,236,16937,446903.58,295074.1,58042.02,42817.4,293329.28,26.39,17.42,2.53,17.32,19.67,Manhattan,Murray Hill,Manhattan,Upper East Side North
43,239,16911,290146.35,166867.77,39646.33,22018.05,137967.9,17.16,9.87,1.3,8.16,23.76,Manhattan,Central Park,Manhattan,Upper West Side South
262,141,16852,260753.0,151533.62,31611.56,18258.5,123546.02,15.47,8.99,1.08,7.33,20.86,Manhattan,Yorkville East,Manhattan,Lenox Hill West
138,163,16849,1292982.98,813269.62,185628.79,169011.54,631287.27,76.74,48.27,10.03,37.47,22.82,Queens,LaGuardia Airport,Manhattan,Midtown North
162,263,16808,359700.57,215232.67,46723.12,32623.01,198619.18,21.4,12.81,1.94,11.82,21.71,Manhattan,Midtown East,Manhattan,Yorkville West
48,143,16714,280027.6,150404.87,35814.17,19812.39,118510.12,16.75,9.0,1.19,7.09,23.81,Manhattan,Clinton East,Manhattan,Lincoln Square West
230,132,16672,1563543.66,1192949.52,181943.57,289890.5,939154.33,93.78,71.55,17.39,56.33,15.25,Manhattan,Times Sq/Theatre District,Queens,JFK Airport
163,48,16640,301362.45,173329.69,34665.85,17340.98,164403.75,18.11,10.42,1.04,9.88,20.0,Manhattan,Midtown North,Manhattan,Clinton East
162,137,16618,280969.55,157328.04,35062.57,19444.53,135034.22,16.91,9.47,1.17,8.13,22.29,Manhattan,Midtown East,Manhattan,Kips Bay
163,141,16542,317780.24,183195.36,40608.01,21206.34,173786.32,19.21,11.07,1.28,10.51,22.17,Manhattan,Midtown North,Manhattan,Lenox Hill West
237,234,16529,439448.85,295603.14,55325.02,39619.03,301187.4,26.59,17.88,2.4,18.22,18.72,Manhattan,Upper East Side South,Manhattan,Union Sq
161,233,16451,295922.62,167632.03,35463.97,16195.41,161664.53,17.99,10.19,0.98,9.83,21.16,Manhattan,Midtown Center,Manhattan,UN/Turtle Bay South
142,68,16439,345856.86,217297.67,41802.26,31402.28,193410.37,21.04,13.22,1.91,11.77,19.24,Manhattan,Lincoln Square East,Manhattan,East Chelsea
186,164,16413,271779.28,150548.69,34308.92,11508.87,142325.57,16.56,9.17,0.7,8.67,22.79,Manhattan,Penn Station/Madison Sq West,Manhattan,Midtown South
229,162,16259,259082.06,140873.49,32441.32,11723.89,127854.78,15.93,8.66,0.72,7.86,23.03,Manhattan,Sutton Place/Turtle Bay North,Manhattan,Midtown East
230,100,16207,276403.74,154881.78,31814.18,12242.2,147007.2,17.05,9.56,0.76,9.07,20.54,Manhattan,Times Sq/Theatre District,Manhattan,Garment District
163,170,16187,338176.94,207886.98,41337.84,22553.53,210560.5,20.89,12.84,1.39,13.01,19.88,Manhattan,Midtown North,Manhattan,Murray Hill
162,142,16143,378421.45,237451.54,49310.25,27753.8,243782.35,23.44,14.71,1.72,15.1,20.77,Manhattan,Midtown East,Manhattan,Lincoln Square East
170,141,16136,343747.84,211183.43,42793.2,29510.11,196245.82,21.3,13.09,1.83,12.16,20.26,Manhattan,Murray Hill,Manhattan,Lenox Hill West
249,246,16132,314233.95,192050.0,35432.3,27066.43,165424.27,19.48,11.9,1.68,10.25,18.45,Manhattan,West Village,Manhattan,West Chelsea/Hudson Yards
186,249,16104,282616.67,156781.92,36925.33,21243.13,131400.9,17.55,9.74,1.32,8.16,23.55,Manhattan,Penn Station/Madison Sq West,Manhattan,West Village
186,237,16102,462075.69,315114.7,61073.12,38882.06,341215.62,28.7,19.57,2.41,21.19,19.38,Manhattan,Penn Station/Madison Sq West,Manhattan,Upper East Side South
132,170,16017,1549537.2,1127724.44,194156.27,268740.42,724994.82,96.74,70.41,16.78,45.26,17.22,Queens,JFK Airport,Manhattan,Murray Hill
113,79,16011,252945.64,135156.89,28840.83,13062.4,114623.22,15.8,8.44,0.82,7.16,21.34,Manhattan,Greenwich Village North,Manhattan,East Village
230,234,15918,354443.45,223390.38,42872.06,26968.27,225368.27,22.27,14.03,1.69,14.16,19.19,Manhattan,Times Sq/Theatre District,Manhattan,Union Sq
236,230,15873,419951.93,287044.49,49925.23,38763.27,288664.87,26.46,18.08,2.44,18.19,17.39,Manhattan,Upper East Side North,Manhattan,Times Sq/Theatre District
161,249,15835,421609.64,281053.64,50279.77,39421.83,284612.7,26.63,17.75,2.49,17.97,17.89,Manhattan,Midtown Center,Manhattan,West Village
186,68,15829,251691.59,135128.91,30573.29,13961.89,111451.07,15.9,8.54,0.88,7.04,22.63,Manhattan,Penn Station/Madison Sq West,Manhattan,East Chelsea
79,114,15804,252441.79,141392.14,25520.34,14006.69,116888.68,15.97,8.95,0.89,7.4,18.05,Manhattan,East Village,Manhattan,Greenwich Village South
79,68,15794,365531.47,248706.36,33390.46,33970.97,237318.52,23.14,15.75,2.15,15.03,13.43,Manhattan,East Village,Manhattan,East Chelsea
234,231,15698,370573.46,241040.2,43218.73,34988.71,230470.38,23.61,15.35,2.23,14.68,17.93,Manhattan,Union Sq,Manhattan,TriBeCa/Civic Center
163,164,15662,333770.54,208540.37,39279.42,22149.95,213354.83,21.31,13.32,1.41,13.62,18.84,Manhattan,Midtown North,Manhattan,Midtown South
237,75,15636,298787.05,188965.64,35963.57,27074.19,169418.22,19.11,12.09,1.73,10.84,19.03,Manhattan,Upper East Side South,Manhattan,East Harlem South
162,48,15623,333405.51,206464.71,39310.85,19670.04,217121.17,21.34,13.22,1.26,13.9,19.04,Manhattan,Midtown East,Manhattan,Clinton East
107,186,15587,299618.84,183141.03,32906.67,19241.61,176743.5,19.22,11.75,1.23,11.34,17.97,Manhattan,Gramercy,Manhattan,Penn Station/Madison Sq West
163,68,15526,359888.49,231939.66,44827.96,29803.74,231451.42,23.18,14.94,1.92,14.91,19.33,Manhattan,Midtown North,Manhattan,East Chelsea
68,90,15501,242155.98,126102.33,30429.21,13848.58,100551.6,15.62,8.14,0.89,6.49,24.13,Manhattan,East Chelsea,Manhattan,Flatiron
263,229,15460,297935.06,177813.1,36746.7,26717.5,148428.58,19.27,11.5,1.73,9.6,20.67,Manhattan,Yorkville West,Manhattan,Sutton Place/Turtle Bay North
161,79,15441,408242.38,280533.85,42070.29,41131.77,275923.43,26.44,18.17,2.66,17.87,15.0,Manhattan,Midtown Center,Manhattan,East Village
138,236,15424,994550.3,573741.18,140872.31,131080.26,375966.38,64.48,37.2,8.5,24.38,24.55,Queens,LaGuardia Airport,Manhattan,Upper East Side North
170,163,15392,322904.0,200977.67,39595.46,20713.31,204289.83,20.98,13.06,1.35,13.27,19.7,Manhattan,Murray Hill,Manhattan,Midtown North
143,142,15343,209680.17,109801.45,25444.65,10472.96,80541.42,13.67,7.16,0.68,5.25,23.17,Manhattan,Lincoln Square West,Manhattan,Lincoln Square East
114,249,15334,250513.71,134278.95,30900.1,14055.08,112993.5,16.34,8.76,0.92,7.37,23.01,Manhattan,Greenwich Village South,Manhattan,West Village
68,164,15292,299857.35,181752.54,34678.24,18260.38,179934.5,19.61,11.89,1.19,11.77,19.08,Manhattan,East Chelsea,Manhattan,Midtown South
140,161,15288,354839.92,234124.08,42749.54,28295.1,237489.7,23.21,15.31,1.85,15.53,18.26,Manhattan,Lenox Hill East,Manhattan,Midtown Center
234,237,15243,407038.4,271756.71,51254.55,36890.91,276323.13,26.7,17.83,2.42,18.13,18.86,Manhattan,Union Sq,Manhattan,Upper East Side South
79,186,15237,344398.45,233917.01,30301.65,31159.48,221292.9,22.6,15.35,2.04,14.52,12.95,Manhattan,East Village,Manhattan,Penn Station/Madison Sq West
186,233,15229,340065.27,216967.32,41517.34,22777.65,230071.97,22.33,14.25,1.5,15.11,19.14,Manhattan,Penn Station/Madison Sq West,Manhattan,UN/Turtle Bay South
246,246,15195,237620.51,125590.55,28698.61,12513.02,93575.37,15.64,8.27,0.82,6.16,22.85,Manhattan,West Chelsea/Hudson Yards,Manhattan,West Chelsea/Hudson Yards
68,163,15153,369914.74,242573.1,45463.82,29513.1,249561.3,24.41,16.01,1.95,16.47,18.74,Manhattan,East Chelsea,Manhattan,Midtown North
262,263,15110,193724.08,100140.92,24226.89,9933.68,71062.03,12.82,6.63,0.66,4.7,24.19,Manhattan,Yorkville East,Manhattan,Yorkville West
170,164,15081,244292.9,132899.9,29060.95,10775.88,114598.58,16.2,8.81,0.71,7.6,21.87,Manhattan,Murray Hill,Manhattan,Midtown South
132,132,15064,500531.16,404063.8,33466.05,56923.99,186731.88,33.23,26.82,3.78,12.4,8.28,Queens,JFK Airport,Queens,JFK Airport
113,234,15042,238375.04,126995.01,30127.32,13254.02,104974.95,15.85,8.44,0.88,6.98,23.72,Manhattan,Greenwich Village North,Manhattan,Union Sq
234,114,15031,261865.96,146362.86,31594.32,17481.45,127141.15,17.42,9.74,1.16,8.46,21.59,Manhattan,Union Sq,Manhattan,Greenwich Village South
163,143,15031,274490.71,153354.71,35068.69,17988.75,138800.02,18.26,10.2,1.2,9.23,22.87,Manhattan,Midtown North,Manhattan,Lincoln Square West
141,142,15012,308161.26,197563.89,37974.84,24673.87,190113.8,20.53,13.16,1.64,12.66,19.22,Manhattan,Lenox Hill West,Manhattan,Lincoln Square East
234,107,15000,229895.21,118571.51,28260.09,11076.45,98298.8,15.33,7.9,0.74,6.55,23.83,Manhattan,Union Sq,Manhattan,Gramercy
249,186,14989,260434.51,149917.64,29730.94,19140.95,120208.58,17.38,10.0,1.28,8.02,19.83,Manhattan,West Village,Manhattan,Penn Station/Madison Sq West
138,170,14847,1009742.02,586052.99,143864.29,131160.62,384044.63,68.01,39.47,8.83,25.87,24.55,Queens,LaGuardia Airport,Manhattan,Murray Hill
237,143,14790,308869.98,195843.44,38617.0,24639.98,190209.22,20.88,13.24,1.67,12.86,19.72,Manhattan,Upper East Side South,Manhattan,Lincoln Square West
161,113,14756,359251.23,228200.32,47027.59,30783.47,227078.08,24.35,15.46,2.09,15.39,20.61,Manhattan,Midtown Center,Manhattan,Greenwich Village North
229,170,14739,269889.94,158105.53,33030.17,16701.16,150784.23,18.31,10.73,1.13,10.23,20.89,Manhattan,Sutton Place/Turtle Bay North,Manhattan,Murray Hill
132,68,14677,1426373.97,1038767.4,177483.06,263306.69,806141.8,97.18,70.78,17.94,54.93,17.09,Queens,JFK Airport,Manhattan,East Chelsea
107,137,14658,206348.71,104553.27,23578.12,10972.98,74962.45,14.08,7.13,0.75,5.11,22.55,Manhattan,Gramercy,Manhattan,Kips Bay
236,74,14623,274343.6,176156.86,31331.21,27647.91,153230.05,18.76,12.05,1.89,10.48,17.79,Manhattan,Upper East Side North,Manhattan,East Harlem North
234,234,14606,213468.06,107181.53,26129.86,9014.51,78422.13,14.62,7.34,0.62,5.37,24.38,Manhattan,Union Sq,Manhattan,Union Sq
164,68,14599,266992.85,157400.13,30347.88,16699.75,145527.0,18.29,10.78,1.14,9.97,19.28,Manhattan,Midtown South,Manhattan,East Chelsea
186,90,14572,208832.87,103043.05,26955.69,11113.36,75717.03,14.33,7.07,0.76,5.2,26.16,Manhattan,Penn Station/Madison Sq West,Manhattan,Flatiron
164,237,14544,341259.37,218414.59,42853.44,27389.75,219842.53,23.46,15.02,1.88,15.12,19.62,Manhattan,Midtown South,Manhattan,Upper East Side South
100,163,14512,275731.4,164517.47,33516.05,16868.45,160343.9,19.0,11.34,1.16,11.05,20.37,Manhattan,Garment District,Manhattan,Midtown North
132,162,14467,1395658.73,1020341.13,177128.91,247685.73,708693.37,96.47,70.53,17.12,48.99,17.36,Queens,JFK Airport,Manhattan,Midtown East
239,166,14453,279558.39,178432.1,34942.67,29219.02,142368.25,19.34,12.35,2.02,9.85,19.58,Manhattan,Upper West Side South,Manhattan,Morningside Heights
237,164,14394,342367.52,223309.92,41683.37,26751.81,228307.3,23.79,15.51,1.86,15.86,18.67,Manhattan,Upper East Side South,Manhattan,Midtown South
68,79,14361,350314.19,236385.11,35734.68,31531.48,236716.02,24.39,16.46,2.2,16.48,15.12,Manhattan,East Chelsea,Manhattan,East Village
246,161,14344,346853.03,230157.96,40281.78,25797.72,243679.5,24.18,16.05,1.8,16.99,17.5,Manhattan,West Chelsea/Hudson Yards,Manhattan,Midtown Center
144,79,14333,235998.51,132814.91,24545.61,14298.93,111276.68,16.47,9.27,1.0,7.76,18.48,Manhattan,Little Italy/NoLiTa,Manhattan,East Village
163,229,14323,251598.29,138402.37,32473.09,13818.24,129386.97,17.57,9.66,0.96,9.03,23.46,Manhattan,Midtown North,Manhattan,Sutton Place/Turtle Bay North
114,234,14302,252423.85,144251.45,30134.64,17506.36,124869.4,17.65,10.09,1.22,8.73,20.89,Manhattan,Greenwich Village South,Manhattan,Union Sq
48,186,14283,257631.8,152112.08,28317.35,16655.51,140427.93,18.04,10.65,1.17,9.83,18.62,Manhattan,Clinton East,Manhattan,Penn Station/Madison Sq West
43,230,14274,327462.01,211884.59,39127.3,25134.66,215143.48,22.94,14.84,1.76,15.07,18.47,Manhattan,Central Park,Manhattan,Times Sq/Theatre District
231,231,14236,211767.29,108651.5,24689.24,9069.41,77199.15,14.88,7.63,0.64,5.42,22.72,Manhattan,TriBeCa/Civic Center,Manhattan,TriBeCa/Civic Center
230,229,14206,277981.07,161841.79,34892.59,17510.06,158730.85,19.57,11.39,1.23,11.17,21.56,Manhattan,Times Sq/Theatre District,Manhattan,Sutton Place/Turtle Bay North
107,161,14182,307145.75,198576.33,35554.82,24056.53,193541.75,21.66,14.0,1.7,13.65,17.9,Manhattan,Gramercy,Manhattan,Midtown Center
132,10,14165,367503.47,274042.66,33259.09,55091.23,166974.63,25.94,19.35,3.89,11.79,12.14,Queens,JFK Airport,Queens,Baisley Park
142,140,14137,320404.8,214474.17,39962.46,28112.19,213135.17,22.66,15.17,1.99,15.08,18.63,Manhattan,Lincoln Square East,Manhattan,Lenox Hill East
164,163,14071,295094.95,184787.0,34323.96,19821.31,186779.38,20.97,13.13,1.41,13.27,18.57,Manhattan,Midtown South,Manhattan,Midtown North
239,141,14062,300545.78,198745.53,35776.46,27214.12,187228.58,21.37,14.13,1.94,13.31,18.0,Manhattan,Upper West Side South,Manhattan,Lenox Hill West
107,234,13954,214225.33,113527.27,26027.34,9971.39,94678.38,15.35,8.14,0.71,6.79,22.93,Manhattan,Gramercy,Manhattan,Union Sq
249,144,13954,264253.06,160634.93,28403.83,17784.2,151193.88,18.94,11.51,1.27,10.84,17.68,Manhattan,West Village,Manhattan,Little Italy/NoLiTa
79,231,13930,298102.23,196211.42,27818.56,26037.83,179512.12,21.4,14.09,1.87,12.89,14.18,Manhattan,East Village,Manhattan,TriBeCa/Civic Center
48,50,13907,205384.33,105920.75,23521.01,11012.61,79109.75,14.77,7.62,0.79,5.69,22.21,Manhattan,Clinton East,Manhattan,Clinton West
164,162,13887,250237.7,144013.84,30251.96,15555.55,132603.08,18.02,10.37,1.12,9.55,21.01,Manhattan,Midtown South,Manhattan,Midtown East
137,79,13859,238599.31,139537.66,23550.4,18175.79,114538.0,17.22,10.07,1.31,8.26,16.88,Manhattan,Kips Bay,Manhattan,East Village
234,162,13801,287704.27,178070.96,35153.06,22154.0,170376.05,20.85,12.9,1.61,12.35,19.74,Manhattan,Union Sq,Manhattan,Midtown East
79,144,13799,231893.28,135364.11,22462.46,14105.84,117359.15,16.81,9.81,1.02,8.5,16.59,Manhattan,East Village,Manhattan,Little Italy/NoLiTa
161,90,13778,310708.68,196809.83,36707.8,24853.36,194965.07,22.55,14.28,1.8,14.15,18.65,Manhattan,Midtown Center,Manhattan,Flatiron
79,90,13748,272564.61,171898.6,26876.7,22059.15,156811.03,19.83,12.5,1.6,11.41,15.64,Manhattan,East Village,Manhattan,Flatiron
163,246,13712,324861.31,209721.5,40102.25,28737.13,204091.93,23.69,15.29,2.1,14.88,19.12,Manhattan,Midtown North,Manhattan,West Chelsea/Hudson Yards
231,249,13677,249084.77,143945.44,29313.06,18687.95,120663.17,18.21,10.52,1.37,8.82,20.36,Manhattan,TriBeCa/Civic Center,Manhattan,West Village
249,249,13646,197874.58,99364.39,23360.93,8015.28,69108.27,14.5,7.28,0.59,5.06,23.51,Manhattan,West Village,Manhattan,West Village
186,236,13632,453468.07,319016.9,60637.48,46825.59,331385.75,33.26,23.4,3.43,24.31,19.01,Manhattan,Penn Station/Madison Sq West,Manhattan,Upper East Side North
229,263,13631,262908.63,153739.9,33492.7,23498.66,132230.75,19.29,11.28,1.72,9.7,21.79,Manhattan,Sutton Place/Turtle Bay North,Manhattan,Yorkville West
234,48,13604,315385.97,208450.95,32107.33,25907.94,207717.23,23.18,15.32,1.9,15.27,15.4,Manhattan,Union Sq,Manhattan,Clinton East
161,43,13562,290469.4,179691.2,37467.49,21621.44,176832.2,21.42,13.25,1.59,13.04,20.85,Manhattan,Midtown Center,Manhattan,Central Park
246,234,13536,276111.27,170189.08,31749.48,20556.43,162490.87,20.4,12.57,1.52,12.0,18.66,Manhattan,West Chelsea/Hudson Yards,Manhattan,Union Sq
138,239,13513,1007840.44,616252.51,145671.36,136442.32,449456.33,74.58,45.6,10.1,33.26,23.64,Queens,LaGuardia Airport,Manhattan,Upper West Side South
161,143,13494,316257.91,198244.51,39642.81,24512.77,199776.97,23.44,14.69,1.82,14.8,20.0,Manhattan,Midtown Center,Manhattan,Lincoln Square West
113,170,13481,277969.62,174188.66,32035.97,21968.9,163985.6,20.62,12.92,1.63,12.16,18.39,Manhattan,Greenwich Village North,Manhattan,Murray Hill
230,143,13478,268836.03,155790.0,34796.35,20115.66,143210.78,19.95,11.56,1.49,10.63,22.34,Manhattan,Times Sq/Theatre District,Manhattan,Lincoln Square West
43,163,13473,256685.3,153137.45,32869.41,17702.15,142709.02,19.05,11.37,1.31,10.59,21.46,Manhattan,Central Park,Manhattan,Midtown North
249,148,13446,286406.11,186560.49,27316.82,21366.63,183472.2,21.3,13.87,1.59,13.65,14.64,Manhattan,West Village,Manhattan,Lower East Side
246,186,13428,230278.63,129864.23,26033.92,12922.47,115478.82,17.15,9.67,0.96,8.6,20.05,Manhattan,West Chelsea/Hudson Yards,Manhattan,Penn Station/Madison Sq West
161,238,13419,372925.11,246704.6,48299.18,37940.15,236763.05,27.79,18.38,2.83,17.64,19.58,Manhattan,Midtown Center,Manhattan,Upper West Side North
161,231,13398,471246.13,339738.01,56698.38,54728.74,335493.38,35.17,25.36,4.08,25.04,16.69,Manhattan,Midtown Center,Manhattan,TriBeCa/Civic Center
68,186,13396,216082.3,117264.02,25066.58,11698.8,98337.17,16.13,8.75,0.87,7.34,21.38,Manhattan,East Chelsea,Manhattan,Penn Station/Madison Sq West
114,231,13343,239764.2,137996.87,28337.33,16688.61,120497.3,17.97,10.34,1.25,9.03,20.53,Manhattan,Greenwich Village South,Manhattan,TriBeCa/Civic Center
230,50,13340,230030.94,130846.13,25529.46,13446.45,118274.57,17.24,9.81,1.01,8.87,19.51,Manhattan,Times Sq/Theatre District,Manhattan,Clinton West
239,263,13336,269588.75,174183.17,32347.07,24000.52,159537.4,20.22,13.06,1.8,11.96,18.57,Manhattan,Upper West Side South,Manhattan,Yorkville West
163,234,13297,325445.73,211388.53,40568.94,26001.25,218112.35,24.48,15.9,1.96,16.4,19.19,Manhattan,Midtown North,Manhattan,Union Sq
162,79,13284,322655.2,208979.73,38471.06,31743.53,195971.23,24.29,15.73,2.39,14.75,18.41,Manhattan,Midtown East,Manhattan,East Village
68,231,13284,341356.76,228477.43,40990.98,34974.05,214318.97,25.7,17.2,2.63,16.13,17.94,Manhattan,East Chelsea,Manhattan,TriBeCa/Civic Center
79,162,13283,295894.38,197786.29,28523.54,30061.73,167650.8,22.28,14.89,2.26,12.62,14.42,Manhattan,East Village,Manhattan,Midtown East
68,50,13274,253655.06,152666.24,28607.27,18801.71,136485.97,19.11,11.5,1.42,10.28,18.74,Manhattan,East Chelsea,Manhattan,Clinton West
48,238,13227,302001.0,188724.28,39437.44,32106.8,154197.07,22.83,14.27,2.43,11.66,20.9,Manhattan,Clinton East,Manhattan,Upper West Side North
163,238,13213,312195.7,194925.53,41728.7,29848.57,176421.65,23.63,14.75,2.26,13.35,21.41,Manhattan,Midtown North,Manhattan,Upper West Side North
114,170,13211,290533.72,188280.47,30498.12,26543.81,172148.68,21.99,14.25,2.01,13.03,16.2,Manhattan,Greenwich Village South,Manhattan,Murray Hill
68,158,13183,227435.5,124179.76,29898.01,15609.64,102259.72,17.25,9.42,1.18,7.76,24.08,Manhattan,East Chelsea,Manhattan,Meatpacking/West Village West
138,48,13170,1038531.08,655782.33,138267.27,136372.36,503453.13,78.86,49.79,10.35,38.23,21.08,Queens,LaGuardia Airport,Manhattan,Clinton East
186,231,13169,343629.06,231175.75,42884.29,36733.38,218513.67,26.09,17.55,2.79,16.59,18.55,Manhattan,Penn Station/Madison Sq West,Manhattan,TriBeCa/Civic Center
90,186,13127,191751.95,96080.03,23657.04,9187.99,71594.53,14.61,7.32,0.7,5.45,24.62,Manhattan,Flatiron,Manhattan,Penn Station/Madison Sq West
164,246,13097,260596.42,161986.57,28277.74,17836.05,158899.48,19.9,12.37,1.36,12.13,17.46,Manhattan,Midtown South,Manhattan,West Chelsea/Hudson Yards
142,229,13059,284924.11,177235.27,35923.86,23118.55,173033.85,21.82,13.57,1.77,13.25,20.27,Manhattan,Lincoln Square East,Manhattan,Sutton Place/Turtle Bay North
170,249,13038,307202.47,202696.12,33427.83,27412.11,198366.63,23.56,15.55,2.1,15.21,16.49,Manhattan,Murray Hill,Manhattan,West Village
142,151,13009,262584.98,163316.5,34538.84,26753.68,134591.43,20.18,12.55,2.06,10.35,21.15,Manhattan,Lincoln Square East,Manhattan,Manhattan Valley
161,262,12997,341987.43,221423.15,44598.22,32322.8,219273.88,26.31,17.04,2.49,16.87,20.14,Manhattan,Midtown Center,Manhattan,Yorkville East
170,48,12979,281679.22,180034.8,30270.99,17857.56,186588.38,21.7,13.87,1.38,14.38,16.81,Manhattan,Murray Hill,Manhattan,Clinton East
107,233,12903,221459.54,125377.2,26680.16,16159.76,101859.83,17.16,9.72,1.25,7.89,21.28,Manhattan,Gramercy,Manhattan,UN/Turtle Bay South
164,79,12893,273206.44,175357.17,26937.13,23550.73,163802.65,21.19,13.6,1.83,12.7,15.36,Manhattan,Midtown South,Manhattan,East Village
79,164,12874,268644.07,175099.77,25171.19,23250.73,158348.28,20.87,13.6,1.81,12.3,14.38,Manhattan,East Village,Manhattan,Midtown South
164,48,12870,265099.45,167894.61,26245.75,17553.99,168132.17,20.6,13.05,1.36,13.06,15.63,Manhattan,Midtown South,Manhattan,Clinton East
236,170,12851,347856.29,238605.03,42969.05,33725.77,238121.7,27.07,18.57,2.62,18.53,18.01,Manhattan,Upper East Side North,Manhattan,Murray Hill
132,239,12796,1236741.73,904538.99,168469.45,262007.2,721575.97,96.65,70.69,20.48,56.39,18.62,Queens,JFK Airport,Manhattan,Upper West Side South
263,239,12776,251797.59,161693.09,30807.25,22712.29,146646.37,19.71,12.66,1.78,11.48,19.05,Manhattan,Yorkville West,Manhattan,Upper West Side South
142,263,12760,301325.36,200789.43,37423.39,30756.23,187393.23,23.61,15.74,2.41,14.69,18.64,Manhattan,Lincoln Square East,Manhattan,Yorkville West
236,143,12731,287678.42,193763.4,33801.72,28414.13,183158.05,22.6,15.22,2.23,14.39,17.44,Manhattan,Upper East Side North,Manhattan,Lincoln Square West
114,107,12695,224860.62,129604.93,25561.26,16380.65,110145.67,17.71,10.21,1.29,8.68,19.72,Manhattan,Greenwich Village South,Manhattan,Gramercy
230,238,12693,320130.89,204492.22,42648.84,32751.9,182991.17,25.22,16.11,2.58,14.42,20.86,Manhattan,Times Sq/Theatre District,Manhattan,Upper West Side North
263,74,12692,222963.07,142445.03,23203.46,23638.66,117876.58,17.57,11.22,1.86,9.29,16.29,Manhattan,Yorkville West,Manhattan,East Harlem North
230,141,12672,293978.98,184184.42,37002.39,24582.49,181278.35,23.2,14.53,1.94,14.31,20.09,Manhattan,Times Sq/Theatre District,Manhattan,Lenox Hill West
68,107,12666,264757.14,163834.52,30858.39,19645.7,161211.65,20.9,12.93,1.55,12.73,18.84,Manhattan,East Chelsea,Manhattan,Gramercy
186,113,12649,252155.45,150146.17,33537.61,19902.84,140480.78,19.93,11.87,1.57,11.11,22.34,Manhattan,Penn Station/Madison Sq West,Manhattan,Greenwich Village North
100,170,12647,216366.91,121672.75,25110.94,10953.87,114504.52,17.11,9.62,0.87,9.05,20.64,Manhattan,Garment District,Manhattan,Murray Hill
90,234,12645,186113.28,94122.38,23499.09,8613.91,74716.6,14.72,7.44,0.68,5.91,24.97,Manhattan,Flatiron,Manhattan,Union Sq
246,164,12589,255377.0,159831.44,27017.63,16080.1,160842.23,20.29,12.7,1.28,12.78,16.9,Manhattan,West Chelsea/Hudson Yards,Manhattan,Midtown South
234,163,12569,308842.66,204353.2,36725.27,24936.29,209735.32,24.57,16.26,1.98,16.69,17.97,Manhattan,Union Sq,Manhattan,Midtown North
249,114,12536,205037.78,111853.63,24309.07,10286.36,99370.87,16.36,8.92,0.82,7.93,21.73,Manhattan,West Village,Manhattan,Greenwich Village South
48,170,12525,262294.35,167035.87,28105.48,18038.53,168500.57,20.94,13.34,1.44,13.45,16.83,Manhattan,Clinton East,Manhattan,Murray Hill
164,107,12510,207822.81,112642.55,25158.66,12519.83,95909.98,16.61,9.0,1.0,7.67,22.33,Manhattan,Midtown South,Manhattan,Gramercy
162,239,12506,344449.71,225984.87,46351.91,32046.57,227269.43,27.54,18.07,2.56,18.17,20.51,Manhattan,Midtown East,Manhattan,Upper West Side South
113,249,12503,193953.1,100797.36,24160.06,10139.12,84553.88,15.51,8.06,0.81,6.76,23.97,Manhattan,Greenwich Village North,Manhattan,West Village
79,233,12494,246206.56,154759.88,24597.48,23880.18,123791.57,19.71,12.39,1.91,9.91,15.89,Manhattan,East Village,Manhattan,UN/Turtle Bay South
237,48,12465,289359.5,185572.57,34300.65,22848.64,187392.18,23.21,14.89,1.83,15.03,18.48,Manhattan,Upper East Side South,Manhattan,Clinton East
162,233,12447,201655.03,106661.67,24737.21,10173.29,93549.07,16.2,8.57,0.82,7.52,23.19,Manhattan,Midtown East,Manhattan,UN/Turtle Bay South
162,100,12441,244472.87,148120.62,29566.53,13584.71,153051.02,19.65,11.91,1.09,12.3,19.96,Manhattan,Midtown East,Manhattan,Garment District
68,142,12403,293708.48,188289.99,36779.58,25919.84,178746.4,23.68,15.18,2.09,14.41,19.53,Manhattan,East Chelsea,Manhattan,Lincoln Square East
90,170,12399,246517.14,151740.4,27777.08,17666.01,144976.65,19.88,12.24,1.42,11.69,18.31,Manhattan,Flatiron,Manhattan,Murray Hill
107,229,12370,250414.72,152201.88,30675.92,22982.26,129220.52,20.24,12.3,1.86,10.45,20.15,Manhattan,Gramercy,Manhattan,Sutton Place/Turtle Bay North
141,233,12341,231821.32,138550.5,27637.68,17808.04,123326.72,18.78,11.23,1.44,9.99,19.95,Manhattan,Lenox Hill West,Manhattan,UN/Turtle Bay South
186,50,12331,261230.32,165320.43,29890.91,19818.8,162626.48,21.18,13.41,1.61,13.19,18.08,Manhattan,Penn Station/Madison Sq West,Manhattan,Clinton West
158,231,12327,245973.03,152168.41,27042.77,20097.53,135979.97,19.95,12.34,1.63,11.03,17.77,Manhattan,Meatpacking/West Village West,Manhattan,TriBeCa/Civic Center
107,68,12311,249493.11,158436.83,25970.32,18075.62,154666.32,20.27,12.87,1.47,12.56,16.39,Manhattan,Gramercy,Manhattan,East Chelsea
234,90,12275,185245.66,93150.76,23343.27,9208.81,73033.55,15.09,7.59,0.75,5.95,25.06,Manhattan,Union Sq,Manhattan,Flatiron
141,170,12272,269235.89,173513.66,30734.27,23116.09,165969.22,21.94,14.14,1.88,13.52,17.71,Manhattan,Lenox Hill West,Manhattan,Murray Hill
162,246,12253,314512.48,208795.75,39771.76,24912.59,221291.9,25.67,17.04,2.03,18.06,19.05,Manhattan,Midtown East,Manhattan,West Chelsea/Hudson Yards
170,233,12234,182498.72,93362.64,21662.73,8697.05,73671.72,14.92,7.63,0.71,6.02,23.2,Manhattan,Murray Hill,Manhattan,UN/Turtle Bay South
114,90,12228,220612.63,127265.3,25949.87,16229.73,109691.17,18.04,10.41,1.33,8.97,20.39,Manhattan,Greenwich Village South,Manhattan,Flatiron
137,162,12213,202204.3,111583.08,24109.51,12890.79,92411.88,16.56,9.14,1.06,7.57,21.61,Manhattan,Kips Bay,Manhattan,Midtown East
138,237,12200,845623.73,514406.52,121262.35,113762.01,365112.6,69.31,42.16,9.32,29.93,23.57,Queens,LaGuardia Airport,Manhattan,Upper East Side South
68,162,12195,318757.28,213893.54,39508.44,24789.42,230633.72,26.14,17.54,2.03,18.91,18.47,Manhattan,East Chelsea,Manhattan,Midtown East
249,113,12186,189098.94,99112.31,23431.99,9390.11,82779.17,15.52,8.13,0.77,6.79,23.64,Manhattan,West Village,Manhattan,Greenwich Village North
262,162,12160,272136.18,180881.03,31067.93,28067.92,156070.33,22.38,14.88,2.31,12.83,17.18,Manhattan,Yorkville East,Manhattan,Midtown East
170,137,12153,186467.23,99214.04,21600.93,10559.89,79393.15,15.34,8.16,0.87,6.53,21.77,Manhattan,Murray Hill,Manhattan,Kips Bay
43,238,12148,213026.34,126267.64,29269.48,17525.02,103724.9,17.54,10.39,1.44,8.54,23.18,Manhattan,Central Park,Manhattan,Upper West Side North
137,170,12126,179275.18,93963.29,20297.13,8803.31,73770.1,14.78,7.75,0.73,6.08,21.6,Manhattan,Kips Bay,Manhattan,Murray Hill
249,164,12121,242234.63,150656.49,26286.12,19427.51,137383.73,19.98,12.43,1.6,11.33,17.45,Manhattan,West Village,Manhattan,Midtown South
234,158,12116,227263.18,131874.4,28094.4,16387.69,122113.43,18.76,10.88,1.35,10.08,21.3,Manhattan,Union Sq,Manhattan,Meatpacking/West Village West
90,48,12054,252961.77,159134.47,27979.22,19438.4,150255.38,20.99,13.2,1.61,12.47,17.58,Manhattan,Flatiron,Manhattan,Clinton East
186,141,12032,354567.95,243337.23,45770.75,34097.29,253899.03,29.47,20.22,2.83,21.1,18.81,Manhattan,Penn Station/Madison Sq West,Manhattan,Lenox Hill West
162,138,12026,832078.48,519872.17,123704.05,120287.27,335104.48,69.19,43.23,10.0,27.86,23.8,Manhattan,Midtown East,Queens,LaGuardia Airport
113,107,12023,192690.1,103728.48,23320.53,11101.45,87223.4,16.03,8.63,0.92,7.25,22.48,Manhattan,Greenwich Village North,Manhattan,Gramercy
230,43,12011,254924.32,159732.88,32002.57,21101.98,150297.05,21.22,13.3,1.76,12.51,20.04,Manhattan,Times Sq/Theatre District,Manhattan,Central Park
170,100,12004,213212.13,124584.05,24288.77,10041.89,121163.9,17.76,10.38,0.84,10.09,19.5,Manhattan,Murray Hill,Manhattan,Garment District
107,164,12002,207033.38,118968.07,23643.78,12064.04,106958.1,17.25,9.91,1.01,8.91,19.87,Manhattan,Gramercy,Manhattan,Midtown South
107,249,11983,232407.6,143378.46,24271.43,17049.81,134719.62,19.39,11.97,1.42,11.24,16.93,Manhattan,Gramercy,Manhattan,West Village
234,236,11982,380228.75,265361.15,48257.91,40611.71,265822.48,31.73,22.15,3.39,22.19,18.19,Manhattan,Union Sq,Manhattan,Upper East Side North
249,48,11943,291553.08,196211.52,30423.61,29243.3,179359.82,24.41,16.43,2.45,15.02,15.51,Manhattan,West Village,Manhattan,Clinton East
132,236,11926,1151349.56,839360.49,156167.84,228152.52,576875.7,96.54,70.38,19.13,48.37,18.61,Queens,JFK Airport,Manhattan,Upper East Side North
48,162,11921,232629.97,142499.75,26781.56,14945.98,141365.55,19.51,11.95,1.25,11.86,18.79,Manhattan,Clinton East,Manhattan,Midtown East
246,231,11912,304933.71,206622.59,33007.42,32333.34,184546.77,25.6,17.35,2.71,15.49,15.97,Manhattan,West Chelsea/Hudson Yards,Manhattan,TriBeCa/Civic Center
79,113,11876,187892.97,103234.54,20487.39,10279.17,85573.58,15.82,8.69,0.87,7.21,19.85,Manhattan,East Village,Manhattan,Greenwich Village North
142,43,11873,210166.59,125050.24,27566.18,16780.06,103823.67,17.7,10.53,1.41,8.74,22.04,Manhattan,Lincoln Square East,Manhattan,Central Park
113,68,11855,230805.2,140698.67,26524.67,17614.15,130394.83,19.47,11.87,1.49,11.0,18.85,Manhattan,Greenwich Village North,Manhattan,East Chelsea
132,216,11849,311195.28,239462.62,23115.53,50589.09,156307.1,26.26,20.21,4.27,13.19,9.65,Queens,JFK Airport,Queens,South Ozone Park
170,113,11781,239201.46,145334.52,29342.19,18851.96,134586.53,20.3,12.34,1.6,11.42,20.19,Manhattan,Murray Hill,Manhattan,Greenwich Village North
75,74,11743,143335.67,108447.99,10758.96,14341.02,86288.42,12.21,9.24,1.22,7.35,9.92,Manhattan,East Harlem South,Manhattan,East Harlem North
113,231,11704,232307.1,141859.55,27315.99,18376.51,130445.78,19.85,12.12,1.57,11.15,19.26,Manhattan,Greenwich Village North,Manhattan,TriBeCa/Civic Center
246,163,11693,273081.24,178085.24,31736.51,23307.81,174723.82,23.35,15.23,1.99,14.94,17.82,Manhattan,West Chelsea/Hudson Yards,Manhattan,Midtown North
249,211,11687,198000.99,111807.79,23348.55,11682.59,100134.55,16.94,9.57,1.0,8.57,20.88,Manhattan,West Village,Manhattan,SoHo
138,141,11682,766407.0,456006.31,107486.21,105656.35,290792.13,65.61,39.03,9.04,24.89,23.57,Queens,LaGuardia Airport,Manhattan,Lenox Hill West
186,142,11681,291241.25,190350.99,37322.09,23377.86,196570.47,24.93,16.3,2.0,16.83,19.61,Manhattan,Penn Station/Madison Sq West,Manhattan,Lincoln Square East
239,140,11677,279580.34,192560.4,34938.28,25924.86,192610.3,23.94,16.49,2.22,16.49,18.14,Manhattan,Upper West Side South,Manhattan,Lenox Hill East
246,249,11672,236167.82,144776.56,26103.48,19714.9,129293.97,20.23,12.4,1.69,11.08,18.03,Manhattan,West Chelsea/Hudson Yards,Manhattan,West Village
234,144,11665,236525.91,147803.06,25760.15,18697.52,140034.33,20.28,12.67,1.6,12.0,17.43,Manhattan,Union Sq,Manhattan,Little Italy/NoLiTa
163,100,11653,230384.07,139611.14,27312.1,13494.97,141985.57,19.77,11.98,1.16,12.18,19.56,Manhattan,Midtown North,Manhattan,Garment District
90,79,11648,236346.55,149976.36,23235.21,18373.66,142864.7,20.29,12.88,1.58,12.27,15.49,Manhattan,Flatiron,Manhattan,East Village
141,239,11640,251371.8,165203.13,31044.71,22877.78,157845.23,21.6,14.19,1.97,13.56,18.79,Manhattan,Lenox Hill West,Manhattan,Upper West Side South
75,236,11612,167536.97,97595.54,18618.99,10793.51,77338.33,14.43,8.4,0.93,6.66,19.08,Manhattan,East Harlem South,Manhattan,Upper East Side North
186,229,11609,295894.07,194462.9,38050.54,24215.24,204684.98,25.49,16.75,2.09,17.63,19.57,Manhattan,Penn Station/Madison Sq West,Manhattan,Sutton Place/Turtle Bay North
170,246,11590,263522.2,171652.74,30390.66,19388.62,176439.78,22.74,14.81,1.67,15.22,17.7,Manhattan,Murray Hill,Manhattan,West Chelsea/Hudson Yards
237,186,11564,317769.29,216359.15,39433.44,26649.15,231274.53,27.48,18.71,2.3,20.0,18.23,Manhattan,Upper East Side South,Manhattan,Penn Station/Madison Sq West
229,233,11559,183197.37,97934.41,22440.7,9181.64,84789.53,15.85,8.47,0.79,7.34,22.91,Manhattan,Sutton Place/Turtle Bay North,Manhattan,UN/Turtle Bay South
263,162,11558,251745.42,164755.6,27986.8,23866.22,150637.03,21.78,14.25,2.06,13.03,16.99,Manhattan,Yorkville West,Manhattan,Midtown East
162,262,11536,273394.7,169844.84,36080.11,25402.42,162382.03,23.7,14.72,2.2,14.08,21.24,Manhattan,Midtown East,Manhattan,Yorkville East
132,138,11506,709557.95,540336.55,73870.83,130846.49,333691.2,61.67,46.96,11.37,29.0,13.67,Queens,JFK Airport,Queens,LaGuardia Airport
263,161,11482,272295.12,185970.87,28771.97,26270.57,178212.03,23.71,16.2,2.29,15.52,15.47,Manhattan,Yorkville West,Manhattan,Midtown Center
231,79,11480,258375.25,171726.12,24287.44,22836.14,159809.03,22.51,14.96,1.99,13.92,14.14,Manhattan,TriBeCa/Civic Center,Manhattan,East Village
164,236,11452,323248.76,219185.85,40772.85,32407.93,217616.27,28.23,19.14,2.83,19.0,18.6,Manhattan,Midtown South,Manhattan,Upper East Side North
100,246,11448,202714.96,116383.94,24727.3,12287.82,107853.05,17.71,10.17,1.07,9.42,21.25,Manhattan,Garment District,Manhattan,West Chelsea/Hudson Yards
138,68,11435,881818.56,541364.62,124938.42,114891.51,405026.12,77.12,47.34,10.05,35.42,23.08,Queens,LaGuardia Airport,Manhattan,East Chelsea
237,68,11431,332783.98,231037.43,41225.27,32635.81,237594.03,29.11,20.21,2.86,20.79,17.84,Manhattan,Upper East Side South,Manhattan,East Chelsea
239,68,11418,291660.76,198298.21,34984.09,30586.75,177299.15,25.54,17.37,2.68,15.53,17.64,Manhattan,Upper West Side South,Manhattan,East Chelsea
107,237,11414,290177.67,193186.79,35513.11,27927.6,186080.48,25.42,16.93,2.45,16.3,18.38,Manhattan,Gramercy,Manhattan,Upper East Side South
230,233,11384,227716.41,139451.87,25059.37,14068.18,140968.72,20.0,12.25,1.24,12.38,17.97,Manhattan,Times Sq/Theatre District,Manhattan,UN/Turtle Bay South
48,164,11364,228032.7,143331.46,23576.9,15252.31,141778.52,20.07,12.61,1.34,12.48,16.45,Manhattan,Clinton East,Manhattan,Midtown South
234,211,11337,222684.5,134967.99,26301.76,17251.13,126700.05,19.64,11.91,1.52,11.18,19.49,Manhattan,Union Sq,Manhattan,SoHo
43,43,11317,184547.92,106901.14,24036.1,12739.48,87779.93,16.31,9.45,1.13,7.76,22.48,Manhattan,Central Park,Manhattan,Central Park
107,107,11307,160646.3,79869.78,19010.42,6728.88,56393.23,14.21,7.06,0.6,4.99,23.8,Manhattan,Gramercy,Manhattan,Gramercy
48,237,11300,248208.27,157452.44,29741.49,21106.77,149885.45,21.97,13.93,1.87,13.26,18.89,Manhattan,Clinton East,Manhattan,Upper East Side South
163,138,11288,830188.32,546319.83,120488.66,119532.75,373381.38,73.55,48.4,10.59,33.08,22.05,Manhattan,Midtown North,Queens,LaGuardia Airport
114,68,11277,240080.64,152733.97,25857.98,21014.53,140970.08,21.29,13.54,1.86,12.5,16.93,Manhattan,Greenwich Village South,Manhattan,East Chelsea
170,90,11273,223279.77,136014.1,26127.62,16316.46,128401.15,19.81,12.07,1.45,11.39,19.21,Manhattan,Murray Hill,Manhattan,Flatiron
68,113,11255,231010.97,139596.67,29407.72,17977.06,133438.45,20.53,12.4,1.6,11.86,21.07,Manhattan,East Chelsea,Manhattan,Greenwich Village North
142,246,11235,242781.08,154465.11,28831.27,23398.28,136417.92,21.61,13.75,2.08,12.14,18.67,Manhattan,Lincoln Square East,Manhattan,West Chelsea/Hudson Yards
234,100,11196,207703.97,123043.06,23775.1,12647.52,117221.15,18.55,10.99,1.13,10.47,19.32,Manhattan,Union Sq,Manhattan,Garment District
142,170,11163,283289.09,190086.11,33817.01,25075.51,193842.17,25.38,17.03,2.25,17.36,17.79,Manhattan,Lincoln Square East,Manhattan,Murray Hill
166,238,11156,173902.05,112037.75,20325.75,14810.52,88885.32,15.59,10.04,1.33,7.97,18.14,Manhattan,Morningside Heights,Manhattan,Upper West Side North
239,43,11099,187557.82,112024.52,24734.69,14278.93,93052.05,16.9,10.09,1.29,8.38,22.08,Manhattan,Upper West Side South,Manhattan,Central Park
249,161,11087,280509.4,192481.3,30428.38,26697.2,190002.9,25.3,17.36,2.41,17.14,15.81,Manhattan,West Village,Manhattan,Midtown Center
239,162,11083,282090.84,192191.64,33442.76,26758.76,190146.28,25.45,17.34,2.41,17.16,17.4,Manhattan,Upper West Side South,Manhattan,Midtown East
90,107,11057,186847.55,104230.83,22010.47,10830.96,93267.1,16.9,9.43,0.98,8.44,21.12,Manhattan,Flatiron,Manhattan,Gramercy
161,50,11045,232145.82,144790.16,25904.98,14977.96,148180.87,21.02,13.11,1.36,13.42,17.89,Manhattan,Midtown Center,Manhattan,Clinton West
140,239,11042,269469.23,181985.13,35244.35,24874.82,183229.05,24.4,16.48,2.25,16.59,19.37,Manhattan,Lenox Hill East,Manhattan,Upper West Side South
138,263,11012,682404.01,387890.65,94888.42,90561.11,236218.27,61.97,35.22,8.22,21.45,24.46,Queens,LaGuardia Airport,Manhattan,Yorkville West
164,233,11005,189805.05,108388.91,20951.43,11552.45,98320.27,17.25,9.85,1.05,8.93,19.33,Manhattan,Midtown South,Manhattan,UN/Turtle Bay South
79,229,10996,244387.2,159021.05,25845.15,27202.04,127439.75,22.23,14.46,2.47,11.59,16.25,Manhattan,East Village,Manhattan,Sutton Place/Turtle Bay North
262,161,10994,272569.53,188117.56,29851.68,27810.62,174271.18,24.79,17.11,2.53,15.85,15.87,Manhattan,Yorkville East,Manhattan,Midtown Center
142,50,10993,180770.58,98937.25,21761.88,11886.02,82256.65,16.44,9.0,1.08,7.48,22.0,Manhattan,Lincoln Square East,Manhattan,Clinton West
186,140,10979,343290.41,243211.8,42629.99,34058.25,256806.78,31.27,22.15,3.1,23.39,17.53,Manhattan,Penn Station/Madison Sq West,Manhattan,Lenox Hill East
170,140,10958,252175.36,162655.47,30427.36,22733.18,156584.2,23.01,14.84,2.07,14.29,18.71,Manhattan,Murray Hill,Manhattan,Lenox Hill East
140,142,10931,250602.37,166702.17,31416.49,20842.6,169629.98,22.93,15.25,1.91,15.52,18.85,Manhattan,Lenox Hill East,Manhattan,Lincoln Square East
186,100,10931,181748.98,103306.03,20673.13,7053.6,98679.58,16.63,9.45,0.65,9.03,20.01,Manhattan,Penn Station/Madison Sq West,Manhattan,Garment District
143,48,10914,184729.08,105642.69,20885.88,12959.19,85982.08,16.93,9.68,1.19,7.88,19.77,Manhattan,Lincoln Square West,Manhattan,Clinton East
79,87,10889,256367.96,179526.82,19860.0,30230.9,146884.82,23.54,16.49,2.78,13.49,11.06,Manhattan,East Village,Manhattan,Financial District North
233,161,10849,195439.97,116236.26,22252.26,10263.48,113308.88,18.01,10.71,0.95,10.44,19.14,Manhattan,UN/Turtle Bay South,Manhattan,Midtown Center
170,142,10839,289167.15,193078.79,36073.57,24471.31,200214.73,26.68,17.81,2.26,18.47,18.68,Manhattan,Murray Hill,Manhattan,Lincoln Square East
238,75,10838,183360.96,124942.99,19142.65,16557.06,108921.58,16.92,11.53,1.53,10.05,15.32,Manhattan,Upper West Side North,Manhattan,East Harlem South
237,233,10814,223013.99,136679.64,27281.09,16597.77,132217.05,20.62,12.64,1.53,12.23,19.96,Manhattan,Upper East Side South,Manhattan,UN/Turtle Bay South
262,75,10785,176622.2,110186.52,19564.07,13775.36,95299.7,16.38,10.22,1.28,8.84,17.76,Manhattan,Yorkville East,Manhattan,East Harlem South
143,163,10783,181684.65,105524.32,20525.09,12378.51,89324.07,16.85,9.79,1.15,8.28,19.45,Manhattan,Lincoln Square West,Manhattan,Midtown North
163,140,10779,234383.44,145179.79,30133.85,17094.91,146361.03,21.74,13.47,1.59,13.58,20.76,Manhattan,Midtown North,Manhattan,Lenox Hill East
263,238,10772,211110.26,135819.14,25335.43,18757.04,123201.4,19.6,12.61,1.74,11.44,18.65,Manhattan,Yorkville West,Manhattan,Upper West Side North
246,90,10772,188688.15,106489.86,22282.71,12917.28,90408.55,17.52,9.89,1.2,8.39,20.92,Manhattan,West Chelsea/Hudson Yards,Manhattan,Flatiron
231,234,10762,255359.86,169495.27,28080.99,24234.96,159354.72,23.73,15.75,2.25,14.81,16.57,Manhattan,TriBeCa/Civic Center,Manhattan,Union Sq
143,236,10753,241029.35,165260.46,26278.18,24377.39,153293.0,22.42,15.37,2.27,14.26,15.9,Manhattan,Lincoln Square West,Manhattan,Upper East Side North
246,50,10752,181558.13,101101.66,21039.54,12296.2,81821.28,16.89,9.4,1.14,7.61,20.81,Manhattan,West Chelsea/Hudson Yards,Manhattan,Clinton West
263,142,10751,243300.68,164647.02,27787.53,24554.41,152214.77,22.63,15.31,2.28,14.16,16.88,Manhattan,Yorkville West,Manhattan,Lincoln Square East
230,90,10747,220871.16,134444.97,26372.43,16289.59,128182.97,20.55,12.51,1.52,11.93,19.62,Manhattan,Times Sq/Theatre District,Manhattan,Flatiron
143,143,10724,144064.6,75230.82,17398.89,7129.82,52460.58,13.43,7.02,0.66,4.89,23.13,Manhattan,Lincoln Square West,Manhattan,Lincoln Square West
68,239,10719,296315.84,197132.3,39482.58,31300.5,181107.93,27.64,18.39,2.92,16.9,20.03,Manhattan,East Chelsea,Manhattan,Upper West Side South
132,238,10704,1031415.44,754393.48,139645.02,215703.29,566201.18,96.36,70.48,20.15,52.9,18.51,Queens,JFK Airport,Manhattan,Upper West Side North
164,229,10698,219100.0,133182.15,25713.12,17174.19,125737.35,20.48,12.45,1.61,11.75,19.31,Manhattan,Midtown South,Manhattan,Sutton Place/Turtle Bay North
234,137,10682,178149.68,100776.72,19549.96,10551.46,89731.42,16.68,9.43,0.99,8.4,19.4,Manhattan,Union Sq,Manhattan,Kips Bay
234,148,10626,239743.12,158138.01,23493.69,20327.48,153604.42,22.56,14.88,1.91,14.46,14.86,Manhattan,Union Sq,Manhattan,Lower East Side
162,249,10615,291665.69,194911.15,36340.62,27917.87,197971.13,27.48,18.36,2.63,18.65,18.64,Manhattan,Midtown East,Manhattan,West Village
164,249,10607,213649.86,129848.79,24583.01,17485.71,117661.8,20.14,12.24,1.65,11.09,18.93,Manhattan,Midtown South,Manhattan,West Village
132,142,10602,997642.18,747807.86,133342.96,201381.78,606665.95,94.1,70.53,18.99,57.22,17.83,Queens,JFK Airport,Manhattan,Lincoln Square East
237,107,10586,271711.83,179663.74,34034.99,25895.39,175587.65,25.67,16.97,2.45,16.59,18.94,Manhattan,Upper East Side South,Manhattan,Gramercy
163,163,10574,170345.67,92462.83,19606.09,7036.65,73623.88,16.11,8.74,0.67,6.96,21.2,Manhattan,Midtown North,Manhattan,Midtown North
151,166,10559,119592.5,84049.65,14147.73,10305.85,61695.97,11.33,7.96,0.98,5.84,16.83,Manhattan,Manhattan Valley,Manhattan,Morningside Heights
163,263,10555,246512.5,153935.46,31841.73,22230.07,146573.5,23.36,14.58,2.11,13.89,20.69,Manhattan,Midtown North,Manhattan,Yorkville West
161,132,10534,997057.75,752709.05,131064.51,178303.72,568846.12,94.65,71.46,16.93,54.0,17.41,Manhattan,Midtown Center,Queens,JFK Airport
231,246,10530,259226.47,176344.05,26893.76,28076.0,152565.78,24.62,16.75,2.67,14.49,15.25,Manhattan,TriBeCa/Civic Center,Manhattan,West Chelsea/Hudson Yards
114,148,10510,181054.82,103560.7,19583.86,10276.59,92021.7,17.23,9.85,0.98,8.76,18.91,Manhattan,Greenwich Village South,Manhattan,Lower East Side
234,229,10489,242930.03,156573.92,28095.71,22504.13,148172.18,23.16,14.93,2.15,14.13,17.94,Manhattan,Union Sq,Manhattan,Sutton Place/Turtle Bay North
138,229,10486,701374.3,418355.15,99070.48,97273.25,264491.4,66.89,39.9,9.28,25.22,23.68,Queens,LaGuardia Airport,Manhattan,Sutton Place/Turtle Bay North
249,158,10472,158079.15,79120.72,20801.5,7551.38,63176.85,15.1,7.56,0.72,6.03,26.29,Manhattan,West Village,Manhattan,Meatpacking/West Village West
100,48,10472,184799.06,106220.79,20157.75,9310.5,100580.67,17.65,10.14,0.89,9.6,18.98,Manhattan,Garment District,Manhattan,Clinton East
48,236,10454,277520.85,185809.68,34743.91,29720.85,172279.6,26.55,17.77,2.84,16.48,18.7,Manhattan,Clinton East,Manhattan,Upper East Side North
238,163,10441,236643.39,154164.24,29174.3,22669.21,141757.35,22.66,14.77,2.17,13.58,18.92,Manhattan,Upper West Side North,Manhattan,Midtown North
144,231,10412,172288.86,95033.6,20099.71,10048.43,79957.25,16.55,9.13,0.97,7.68,21.15,Manhattan,Little Italy/NoLiTa,Manhattan,TriBeCa/Civic Center
144,249,10411,188120.55,111181.52,20262.52,13135.18,98750.1,18.07,10.68,1.26,9.49,18.22,Manhattan,Little Italy/NoLiTa,Manhattan,West Village
161,137,10370,211486.93,130182.36,23577.02,15708.54,126292.53,20.39,12.55,1.51,12.18,18.11,Manhattan,Midtown Center,Manhattan,Kips Bay
132,237,10354,972680.51,729466.24,131523.5,188185.18,540375.82,93.94,70.45,18.18,52.19,18.03,Queens,JFK Airport,Manhattan,Upper East Side South
100,162,10352,198932.68,119684.71,23424.37,12405.06,118207.77,19.22,11.56,1.2,11.42,19.57,Manhattan,Garment District,Manhattan,Midtown East
90,230,10330,221704.78,141041.05,24856.33,15223.28,140428.43,21.46,13.65,1.47,13.59,17.62,Manhattan,Flatiron,Manhattan,Times Sq/Theatre District
236,151,10313,205835.4,131701.87,25596.5,18839.29,117956.95,19.96,12.77,1.83,11.44,19.44,Manhattan,Upper East Side North,Manhattan,Manhattan Valley
48,234,10307,227808.73,148065.9,24671.96,19612.59,143550.02,22.1,14.37,1.9,13.93,16.66,Manhattan,Clinton East,Manhattan,Union Sq
138,265,10306,1504160.19,1168741.25,162083.16,227826.35,466524.43,145.95,113.4,22.11,45.27,13.87,Queens,LaGuardia Airport,,Outside of NYC
164,113,10303,182226.08,103024.17,22078.95,13049.15,87187.22,17.69,10.0,1.27,8.46,21.43,Manhattan,Midtown South,Manhattan,Greenwich Village North
148,107,10299,189183.68,114078.67,19019.19,14898.48,93941.37,18.37,11.08,1.45,9.12,16.67,Manhattan,Lower East Side,Manhattan,Gramercy
229,163,10293,187893.41,109550.27,23739.25,9742.6,107887.47,18.25,10.64,0.95,10.48,21.67,Manhattan,Sutton Place/Turtle Bay North,Manhattan,Midtown North
138,142,10289,779815.14,489058.22,111693.12,106451.44,365311.67,75.79,47.53,10.35,35.51,22.84,Queens,LaGuardia Airport,Manhattan,Lincoln Square East
141,163,10285,199589.37,122219.6,23723.65,13306.51,118686.43,19.41,11.88,1.29,11.54,19.41,Manhattan,Lenox Hill West,Manhattan,Midtown North
246,142,10278,228983.41,144783.15,27178.36,20606.25,130464.38,22.28,14.09,2.0,12.69,18.77,Manhattan,West Chelsea/Hudson Yards,Manhattan,Lincoln Square East
113,186,10273,193619.55,115952.94,22361.78,14237.79,103294.4,18.85,11.29,1.39,10.05,19.29,Manhattan,Greenwich Village North,Manhattan,Penn Station/Madison Sq West
230,249,10266,253714.49,165251.3,30865.45,23056.39,162437.27,24.71,16.1,2.25,15.82,18.68,Manhattan,Times Sq/Theatre District,Manhattan,West Village
132,141,10233,955998.81,720149.64,127219.94,186603.53,493048.88,93.42,70.38,18.24,48.18,17.67,Queens,JFK Airport,Manhattan,Lenox Hill West
138,238,10179,715754.89,430841.19,102883.05,95611.33,301703.57,70.32,42.33,9.39,29.64,23.88,Queens,LaGuardia Airport,Manhattan,Upper West Side North
90,161,10168,221535.65,142653.78,25724.25,17061.29,142136.07,21.79,14.03,1.68,13.98,18.03,Manhattan,Flatiron,Manhattan,Midtown Center
211,79,10156,182312.49,107838.45,18761.36,12036.77,95853.95,17.95,10.62,1.19,9.44,17.4,Manhattan,SoHo,Manhattan,East Village
164,186,10142,162344.31,87136.9,19230.45,6697.9,76994.2,16.01,8.59,0.66,7.59,22.07,Manhattan,Midtown South,Manhattan,Penn Station/Madison Sq West
107,90,10138,173251.47,98479.51,19744.23,10054.74,88685.87,17.09,9.71,0.99,8.75,20.05,Manhattan,Gramercy,Manhattan,Flatiron
68,237,10135,313374.57,218544.9,39913.07,30165.73,229781.5,30.92,21.56,2.98,22.67,18.26,Manhattan,East Chelsea,Manhattan,Upper East Side South
140,238,10118,266373.74,185029.96,33314.22,26630.41,188501.73,26.33,18.29,2.63,18.63,18.0,Manhattan,Lenox Hill East,Manhattan,Upper West Side North
246,170,10111,233455.08,152923.98,25397.82,16475.0,159723.48,23.09,15.12,1.63,15.8,16.61,Manhattan,West Chelsea/Hudson Yards,Manhattan,Murray Hill
234,233,10086,199321.61,122156.41,21885.77,15265.31,113909.78,19.76,12.11,1.51,11.29,17.92,Manhattan,Union Sq,Manhattan,UN/Turtle Bay South
48,90,10044,196895.32,119220.93,22853.67,16894.15,103665.25,19.6,11.87,1.68,10.32,19.17,Manhattan,Clinton East,Manhattan,Flatiron
132,100,10017,964171.02,708097.65,111787.15,173798.2,546199.5,96.25,70.69,17.35,54.53,15.79,Queens,JFK Airport,Manhattan,Garment District
